,forest_importance,shap_importance,rank_forest,rank_shap,HR_interaction,p_interaction,q_interaction
path_B9991003_rc5_Cell_cell_signaling,0.1981931461276387,0.2507396620707679,1.0,1.0,1.7422260908818634,2.1504384688579908e-07,2.774065624826808e-05
path_B9991003_rc1_Lipid_metabolic_process,0.0975527511949776,0.11757079561017765,2.0,2.0,1.3573218107738518,0.003240656769737602,0.04180447232961507
expr_MKI67,0.0318278989242259,0.006924596535946197,3.0,11.0,0.7924383355427831,0.03215137363412351,0.2765018132534622
expr_CD274,0.025623609659193247,0.003938235807702492,4.0,20.0,0.872067386249569,0.20197089603166501,0.5347528523772874
path_B9991003_c1_Lipid_metabolic_process,0.01805086956287478,0.0019304242630443702,5.0,37.0,1.0408820684513005,0.6897987361221507,0.8844954498439045
path_B9991003_c5_Cell_cell_signaling,0.017735729987130886,0.001371975740561966,6.0,48.0,1.1729905496462916,0.12142728666547689,0.502650741826526
path_B9991003_rc2_Organic_acid_metabolic_process,0.01773450977132488,0.024173798956977095,7.0,4.0,1.4334456283152668,0.0011598000671799438,0.024935701444368793
path_B9991003_c2_Organic_acid_metabolic_process,0.016608940703535045,0.008513994584944656,8.0,10.0,1.4000680529313336,0.0020746593034233424,0.02973678334906791
path_B9991003_rc13_Cytoskeleton_organization,0.014920434700845715,0.005679482448908129,9.0,13.0,1.320713777311266,0.010437723383547006,0.09617616546268314
age,0.014057060178717393,0.0005292566737611187,10.0,84.0,,,
expr_VEGFA,0.013559840897795269,0.0008261108554771167,11.0,61.0,1.333144396295565,0.008042036620371572,0.07980174800214868
expr_TGFB1,0.012649335682902836,0.001871001568336113,12.0,41.0,0.9019324241379217,0.33612128849718437,0.6093740441518941
imm_Macrophages_M2,0.012246033780746386,0.0008181726430241779,13.0,62.0,1.0887078079751609,0.4278976648835324,0.6645393988659054
path_MCDERMOTT_ANGIO,0.012231682479547213,0.0031697600626168455,14.0,23.0,1.4291707125712463,0.0009157311232747329,0.02362586298048811
path_B9991003_c21_Chromosome_Y_linked,0.012203808006590757,0.0006640024763016678,15.0,73.0,1.0114891071327516,0.9134686770572785,0.965880814265483
expr_CXCL9,0.012153875975548418,0.0021741274225344307,16.0,35.0,0.9773768073880807,0.832134920790661,0.9459705027879896
path_B9991003_c17_Glucocorticoid_metabolic_process,0.01193865192416672,0.004969689735680429,17.0,14.0,1.1618994560421259,0.15274140591793034,0.5156691144960228
path_B9991003_c3_Angiogenesis,0.011788617564625565,0.0101649401360655,18.0,9.0,1.3863968012226953,0.0018273649165988497,0.02946625928015645
path_B9991003_c22_Morphogenesis_Homeobox_gene_c,0.011271768643842075,0.0025210877700541446,19.0,30.0,1.38877000325508,0.001487201780437742,0.027407004239495533
path_B9991003_rc9_Cell_cycle,0.011044254640743703,0.0018733329532648626,20.0,40.0,0.8293831789657079,0.08525431648897228,0.47816551422075754
path_B9991003_c13_Cytoskeleton_organization,0.010636305642645835,0.016308766742187245,21.0,7.0,1.3409588947955113,0.006289120145153452,0.06760804156039961
path_B9991003_c4_Cell_development,0.010455954112930183,0.0011081168275339478,22.0,55.0,1.1195246173939581,0.2844125499696215,0.6014626056734619
imm_T_cells_CD8,0.010423718002089145,0.0017785108331290504,23.0,44.0,0.8002937012502457,0.048937538593032064,0.3713495575588903
path_B9991003_c6_Negative_regulation_of_EMT,0.009921755729249398,0.0011553055721093795,24.0,53.0,1.060186677680712,0.5649428573545526,0.7921481369427966
imm_Monocytes,0.009840144829655204,0.0006965657784293082,25.0,69.0,1.0550809042247415,0.6211234262799255,0.8328583074755189
path_B9991003_c19_Plasma_cells,0.009790564601179361,0.0026564857228445244,26.0,28.0,0.8558219385483871,0.12858507349050666,0.502650741826526
expr_IL6,0.009768658432785628,0.0006965173814871392,27.0,70.0,0.8890273694495661,0.26417419811897525,0.5776012128364035
expr_FLT1,0.009747664213554517,0.002240186672748038,28.0,34.0,1.4892881235005433,0.00019551061439949493,0.012610434628767424
expr_PRF1,0.009270066760732651,0.001036847936255521,29.0,57.0,0.872812484388112,0.19411631747826852,0.5347528523772874
path_B9991003_c23_Cell_adhesion_at_cell_membrane,0.008742977804415202,0.0033955408419091815,30.0,22.0,1.0664934129936516,0.5354004349231352,0.7674072900564937
expr_FOXP3,0.008234361003977864,0.0021371797337013674,31.0,36.0,0.8327735576898658,0.09343321428395779,0.4809920679531367
expr_LAG3,0.008061145467568007,0.002663966102193325,32.0,27.0,0.8647907444387203,0.1638948348398212,0.5156691144960228
imm_T_cells_regulatory_(Tregs),0.007968811603778306,0.000591568672303546,33.0,79.0,0.9605975982287327,0.7243358855345067,0.8844954498439045
path_B9991003_c15_Skin_development,0.007761065889473012,0.0007247067515224461,34.0,65.0,0.9110356322480127,0.37249696307242264,0.624053353718734
expr_EPAS1,0.007671831741709564,0.0014054853746001462,35.0,47.0,1.1962433051039933,0.09694413772698879,0.4809920679531367
path_B9991003_c14_Oxygen_transport,0.00751365664372385,0.0017085512374577832,36.0,46.0,1.000838426004172,0.9936013318872696,0.9936013318872696
path_B9991003_c12_TNFa_signaling_via_NFkB,0.007499687790966318,0.0006115926446703244,37.0,77.0,0.9871687434173352,0.8996010375074961,0.9615960264289332
imm_NK_cells_activated,0.007451248331664509,0.000543421023272821,38.0,83.0,1.118331289186766,0.3551297950505292,0.6093740441518941
expr_KDR,0.0074033843305597175,0.018202221392912207,39.0,6.0,1.474177982710359,0.0003038935464563657,0.013067422497623724
path_B9991003_c20_Interferon_gamma_response,0.006919381674675377,0.004116014017949028,40.0,18.0,0.8802639129862383,0.2381163836354746,0.544657759221742
path_B9991003_c16_Neutrophils,0.006871561947447513,0.0045241742203821446,41.0,15.0,0.8615111968179086,0.14026939875188632,0.509044292009202
path_LM22.T_cells_CD4_memory_resting,0.006775112026934117,0.0007188931674696334,42.0,66.0,0.8840286909461014,0.2263500666526238,0.5407251592257124
path_LM22.Macrophages_M0,0.0066648702990761855,0.002397281002208002,43.0,32.0,0.9480924600026845,0.6082611679584625,0.8259546385962281
imm_Macrophages_M1,0.00648748284412619,0.000629083155287729,44.0,75.0,1.002567711277494,0.9808378733400797,0.988500669225549
path_LM22.Mast_cells_activated,0.006374880851706538,0.0003034865359725721,45.0,97.0,0.9960328505641299,0.9694322684594592,0.988500669225549
path_B9991003_c18_B_cell_activation,0.0063484602050658465,0.0003943492040143202,46.0,92.0,0.873750742736671,0.20364870032229196,0.5347528523772874
path_B9991003_c10_Myogenesis,0.006153469202002005,0.001312627601564824,47.0,50.0,1.0287517689702066,0.7859885560841234,0.9217502157713812
path_B9991003_rc3_Angiogenesis,0.006066953598830893,0.02374900750184073,48.0,5.0,1.4419854833347878,0.0005395038774201292,0.017399000046799167
path_LM22.T_cells_CD4_memory_activated,0.006028475135727725,0.03555021466736645,49.0,3.0,0.8462079618221456,0.10991190453907616,0.502650741826526
path_B9991003_rc11_EMT,0.005904293188199637,0.0004345087205343852,50.0,89.0,0.9956795200185449,0.9674433426463119,0.988500669225549
expr_CA9,0.005786118974364433,0.0006288537151024783,51.0,76.0,1.1115136367118108,0.31388911040237955,0.6093740441518941
imm_T_cells_follicular_helper,0.005784689939049788,0.000424924694261803,52.0,91.0,0.9105220504836242,0.3865179702573923,0.6392412585026104
path_MCDERMOTT_MYELOID_INFLAMMATION,0.005667178457262169,0.0011291055138632294,53.0,54.0,0.9775959075064184,0.8307877786236705,0.9459705027879896
imm_Macrophages_M0,0.0056041773030922025,0.0003041036910814942,54.0,96.0,1.0565214228824624,0.5951748274957437,0.816782476031393
path_B9991003_c7_Transmembrane_transport,0.00546572958315598,0.0029695628427289424,55.0,24.0,1.1090734391315884,0.3473900212006591,0.6093740441518941
imm_Plasma_cells,0.005377375982785786,0.0008530580747691805,56.0,60.0,0.9334450373984761,0.5497500746351802,0.7793160398674532
imm_T_cells_CD4_memory_resting,0.00522870527682313,0.0002990168544910139,57.0,98.0,0.9832237378128967,0.8708245383145534,0.9615960264289332
path_LM22.Dendritic_cells_resting,0.005203156447315296,0.0008609491976576268,58.0,59.0,1.0034035973284519,0.9737421111783036,0.988500669225549
expr_PDGFRB,0.005181204737372577,0.0018654783793672107,59.0,42.0,1.1830670697979457,0.11126963895369683,0.502650741826526
expr_CD163,0.005174525343959932,0.0018254609471820172,60.0,43.0,0.8525050962603634,0.12557090043564081,0.502650741826526
expr_CXCL10,0.0049847249548234645,0.0023167869347501925,61.0,33.0,1.0167028568243093,0.8770496139675993,0.9615960264289332
path_LM22.Eosinophils,0.004945726151567345,0.0003870067249268499,62.0,94.0,0.9835836381384183,0.8716948130273952,0.9615960264289332
imm_NK_cells_resting,0.004833186994977064,0.001220620901617665,63.0,52.0,1.06135115841168,0.5870441737844303,0.8142870797655002
path_MCDERMOTT_TEFF,0.004793457891989766,0.004030094385116692,64.0,19.0,0.8475835590034794,0.12234682388037753,0.502650741826526
expr_IFNG,0.004727486237776394,0.003923948571290626,65.0,21.0,0.8361200034862742,0.12754450402393339,0.502650741826526
MATH,0.004640608827083271,0.00047371162922218974,66.0,86.0,0.9639306723172075,0.7245443281378522,0.8844954498439045
path_B9991003_c9_Cell_cycle,0.004633318039181725,0.0024475783274087296,67.0,31.0,0.8267352862845132,0.08025241057071943,0.4705709528919457
expr_CD68,0.004581514858935988,0.0013594019516818628,68.0,49.0,0.8838288793139686,0.24066273081890927,0.544657759221742
path_LM22.Plasma_cells,0.00455847706050793,0.0004273491492346838,69.0,90.0,1.034910594972218,0.739056638205059,0.8844954498439045
expr_CD8A,0.004499021506979327,0.006557159512114146,70.0,12.0,0.8683059069476198,0.18260552054798362,0.5347528523772874
log_TMB,0.0043540318132958165,0.0006371020208427778,71.0,74.0,1.1047662116120127,0.33338518264199113,0.6093740441518941
path_LM22.B_cells_memory,0.004339181821937718,0.0002254579946605295,72.0,104.0,0.9215490903753297,0.432723329494078,0.6645393988659054
expr_GZMB,0.004166348819387252,0.014643800945230588,73.0,8.0,0.8767116018176436,0.21375028396538828,0.5347528523772874
imm_B_cells_naive,0.003933590430648036,0.001053945823887296,74.0,56.0,1.0482434547791974,0.6825794571752377,0.8844954498439045
path_B9991003_c11_EMT,0.0038797221531899125,0.0005555176254039659,75.0,82.0,1.0348967579996726,0.7405078184739666,0.8844954498439045
tcga_m1,0.0034892366145739587,8.564806034525033e-05,76.0,109.0,2.0403161711313476,0.003946996212935804,0.04628750104261079
expr_TIGIT,0.0034563636981008064,0.004490937238325541,77.0,16.0,0.863387481727616,0.19825769471458918,0.5347528523772874
path_LM22.NK_cells_resting,0.0034551784211613178,0.0003874409607236702,78.0,93.0,0.9190827678274294,0.4086477092370402,0.6645393988659054
expr_PDCD1,0.0032689645751993422,0.0028935585548240496,79.0,25.0,0.8393696397307038,0.09310295578421353,0.4809920679531367
path_LM22.B_cells_naive,0.003189532853732843,0.00019012377104412833,80.0,105.0,0.9854400220150588,0.8882923748148631,0.9615960264289332
path_LM22.Macrophages_M2,0.003086790101691073,0.0009336929674843515,81.0,58.0,0.933766898124519,0.5136576706162197,0.7445150506684532
imm_B_cells_memory,0.0030855987668922447,0.00023613619105856422,82.0,103.0,0.9695146258486896,0.8152269013542081,0.9459705027879896
TMB,0.0029480732557755256,0.0005692877825936227,83.0,81.0,1.1047662116120127,0.33338518264199113,0.6093740441518941
expr_CTLA4,0.002908066301979273,0.00265428228798973,84.0,29.0,0.8708097379214725,0.1877933622058956,0.5347528523772874
ihc_he_tumor_cell_content_in_tumor_area,0.0028836515790981697,0.0006893098293093921,85.0,71.0,1.2190931711858592,0.06716321118098302,0.41257401154032425
path_LM22.Mast_cells_resting,0.002747980510669457,0.0004378857352020444,86.0,87.0,1.046423444201566,0.6566619786333479,0.8643815841194068
path_LM22.Monocytes,0.0024751882691239125,0.000726588959650452,87.0,64.0,0.9082835753955493,0.3530921394726939,0.6093740441518941
expr_HAVCR2,0.0024171045020390555,0.0003815140346793887,88.0,95.0,0.9855215657068797,0.8902792463574593,0.9615960264289332
path_B9991003_Javelin_Renal_101_genes26,0.002188393459002801,0.0004883276436379036,89.0,85.0,0.8648542506910307,0.16010663530277253,0.5156691144960228
imm_Mast_cells_activated,0.002007248106779639,0.0002925573267061854,90.0,99.0,0.9512788548238489,0.6994193779413933,0.8844954498439045
imm_Mast_cells_resting,0.001897843168444223,0.0019117602533806574,91.0,38.0,1.096613397813762,0.4230465040511019,0.6645393988659054
path_LM22.T_cells_gamma_delta,0.0018361646149868643,0.000241251682239838,92.0,101.0,0.8842432886807577,0.2367855971204059,0.544657759221742
path_Tcell_inflammed_GEP_MERCK,0.001753777341933846,0.002670165706579433,93.0,26.0,0.8803659754924945,0.21970466027904056,0.5347528523772874
ihc_cd8_positive_cells_total_area,0.0017006068966453228,0.0012816975479830938,94.0,51.0,0.8617939591576131,0.16139520587717127,0.5156691144960228
path_LM22.NK_cells_activated,0.0016473185639950684,0.0008062380742690447,95.0,63.0,0.8885818882276002,0.25208431970968925,0.5606702972853433
tcga_m4,0.0014521526342013873,4.6667684031013214e-05,96.0,113.0,0.7869199602938655,0.35901106477165856,0.6093740441518941
imm_Neutrophils,0.0012062654619533991,0.0004374152408083866,97.0,88.0,0.786432383691773,0.06691126887975814,0.41257401154032425
path_LM22.T_cells_follicular_helper,0.0011931562701599516,0.000606754616789119,98.0,78.0,0.9099838393742559,0.3578876620032567,0.6093740441518941
ihc_cd8_positive_cells_tumor_center,0.0010203534382659527,0.0018887753134259131,99.0,39.0,0.8549056667260777,0.14205887218861452,0.509044292009202
imm_Dendritic_cells_resting,0.0009879515154836017,6.78841400996696e-05,100.0,110.0,1.1085231818825692,0.5128251530602878,0.7445150506684532
path_LM22.T_cells_CD4_naive,0.0009846397474580534,0.00014752186251303017,101.0,106.0,0.9200343562418845,0.41521853302585443,0.6645393988659054
path_LM22.T_cells_regulatory_Tregs,0.0009408305555285307,0.0002602244369512122,102.0,100.0,0.9200789019757782,0.4181011032549107,0.6645393988659054
path_LM22.Neutrophils,0.0008654293972711174,0.0007079881312340126,103.0,67.0,0.9028896116743577,0.3244544289958241,0.6093740441518941
path_LM22.T_cells_CD8,0.0007629185617167723,0.0006807778040920057,104.0,72.0,0.8685030066366953,0.17065113090179979,0.524142759198385
path_LM22.Dendritic_cells_activated,0.000714501398847622,0.001768194025512993,105.0,45.0,0.9501422572990932,0.6262577970939949,0.8328583074755189
path_LM22.Macrophages_M1,0.0006463420725627298,0.004314445890920851,106.0,17.0,0.8911990796520006,0.2700667433694356,0.5806434982442865
pdl1_pos,0.0005128502977375778,3.120064317541776e-05,107.0,115.0,0.6691140257127404,0.06633095520213522,0.41257401154032425
mut_PBRM1,0.0003488726220740528,0.0001382630520405006,108.0,107.0,1.2306650043376648,0.3544766527791866,0.6093740441518941
ihc_pd-l1_total_immune_cells_per_tumor_area,0.000323186213086645,0.0005899204073830552,109.0,80.0,0.8719417942060407,0.21899579143574707,0.5347528523772874
path_B9991003_c8_Immune_response,0.0003183403401886799,0.0007044078630962511,110.0,68.0,0.8811736375938077,0.21939709042785238,0.5347528523772874
mut_SETD2,0.0002700146970705724,4.5140746122963514e-05,111.0,114.0,1.0236209110925536,0.9224203161792591,0.9674164291636131
mut_VHL,0.00022367532401832219,0.00023810243293595447,112.0,102.0,1.0633068870452411,0.7663827175283227,0.9070033996436113
imm_Eosinophils,0.0001778889630969895,2.9060990019383845e-05,113.0,116.0,1.0123810664056763,0.9341800956006332,0.9718486478425942
imm_T_cells_CD4_memory_activated,8.603433096519339e-05,0.0001171540345059917,114.0,108.0,0.9044608699066075,0.468749318811594,0.7093019312932344
mut_KDM5C,1.65430597462337e-05,1.097015996998724e-05,115.0,119.0,1.4934613096022238,0.20024776431819666,0.5347528523772874
tcga_m3,1.0947575856342493e-05,6.286867954276368e-05,116.0,111.0,0.734662157467795,0.1592612390286899,0.5156691144960228
male,0.0,1.2162011502702045e-05,124.0,118.0,,,
path_DUX4_TF_signature,0.0,0.0,124.0,125.5,1.0783325026466584,0.697869877021046,0.8844954498439045
tcga_Other,0.0,0.0,124.0,125.5,0.4105437489805934,0.30974960912028304,0.6093740441518941
imm_T_cells_CD4_naive,0.0,0.0,124.0,125.5,0.7217198254698176,0.3255936572114497,0.6093740441518941
imm_Dendritic_cells_activated,0.0,0.0,124.0,125.5,0.8851239558033611,0.4943454972282264,0.7329950476142668
imm_T_cells_gamma_delta,0.0,0.0,124.0,125.5,1.2592515821073922,0.3488030169987003,0.6093740441518941
tcga_m2,0.0,1.7532691448454477e-05,124.0,117.0,1.0552220984943694,0.8359739326963629,0.9459705027879896
mut_BAP1,0.0,5.274880597696409e-05,124.0,112.0,0.5695182047299719,0.056899629253524715,0.4077806763169271
mut_ARID1A,0.0,0.0,124.0,125.5,0.8769552524743175,0.7150146355874132,0.8844954498439045
mut_PTEN,0.0,0.0,124.0,125.5,2.031663706521259,0.04341686771632931,0.3500484959629051
mut_TP53,0.0,0.0,124.0,125.5,0.6937459212238437,0.3439932204967816,0.6093740441518941
mut_KMT2D,0.0,0.0,124.0,125.5,1.0426929955762865,0.9019621643248132,0.9615960264289332
mut_KMT2C,0.0,0.0,124.0,125.5,1.626454086178475,0.13491700185575126,0.509044292009202
mut_PIK3CA,0.0,0.0,124.0,125.5,0.8127031189822327,0.7384697177435816,0.8844954498439045
mut_MTOR,0.0,0.0,124.0,125.5,1.252683075775592,0.47286795419548955,0.7093019312932344
