id,arm,pred_RMST12_gain_months,oof_RMST12_gain_months,oof_PFS12_prob_gain,recommended_arm
X00936b9285d6b8665ae9122993fb8e91,Avelumab+Axitinib,0.2914610289605689,0.6461248704812411,0.09688293553328942,Avelumab+Axitinib
X105622fadc33f23755ac2df823110aca,Sunitinib,1.059047437635023,0.8187067834739025,0.06284359209590415,Avelumab+Axitinib
Xe44f39747a8e84b02b4cb24659312144,Sunitinib,0.3430779410269782,0.38632465692826257,0.0956237859902224,Avelumab+Axitinib
X293dd1284496215e9a0eca9f17a98e7e,Sunitinib,0.38706122119111847,0.48471947447956004,0.15670554760092176,Avelumab+Axitinib
X01ed7190ce00862696edbf047b542045,Sunitinib,0.306142029177353,0.5675097609158377,0.10051257982935798,Avelumab+Axitinib
Xf4a6a5a1450a8448882e1c0aebc0eea5,Sunitinib,0.6861335416485922,0.9203426461676054,0.14847927585856388,Avelumab+Axitinib
Xf7ee4a331a8fd70edc240dff978c170d,Sunitinib,1.1882702518120893,1.0114551608385356,0.1860674004681968,Avelumab+Axitinib
Xcddbd4d01bc7513298a5135e97cfdb6b,Sunitinib,1.3932133586776603,1.1091006315166119,0.1605006680182057,Avelumab+Axitinib
Xa57451efa2822becb256706fe939d078,Avelumab+Axitinib,0.34256637450122257,0.9178613737546556,0.1459908133261426,Avelumab+Axitinib
Xff8fbe2fe76c82d429d4fa1d315f3b93,Avelumab+Axitinib,0.5190434485464261,0.49679677004568684,0.12625335039811464,Avelumab+Axitinib
Xf9ad54895d67b651806deab25643ea6e,Sunitinib,0.6950280900813343,0.9278502125610769,0.14091965579646304,Avelumab+Axitinib
X83864118183d6d44a78a1dcfd50420de,Avelumab+Axitinib,0.6423534625780712,0.6505108146200974,0.10211666997356394,Avelumab+Axitinib
X270eb069e858ab11185487082313a8ba,Avelumab+Axitinib,0.43122590367198926,0.8035736730426658,0.07324184998278847,Avelumab+Axitinib
X47156c2ebd5ab6bc3498b6dfb70e9de1,Sunitinib,0.7961950400266063,0.9097959055524929,0.07193951007285071,Avelumab+Axitinib
X33fe25b1ae7fa2d13b0cebf465cda997,Avelumab+Axitinib,0.23226490827056298,0.45132914379328015,0.02279361555618606,Avelumab+Axitinib
X97b6866aa994b9796e91aef65c9aa00a,Sunitinib,2.3568963117790798,1.7917306363267496,0.202130597261757,Avelumab+Axitinib
X5698d14afa59bd77bef894d49d33c6d2,Sunitinib,0.9063143120380511,0.9340422728844167,0.1319226815904883,Avelumab+Axitinib
X3bb0665c45e2decbd5439bf13b7cd0ad,Sunitinib,0.5042169250927535,0.5915828234171715,0.12178607902589333,Avelumab+Axitinib
X2d6a79464a71daaa1047f0a261d5eb07,Sunitinib,2.208478140396592,1.8655334110568598,0.20021639587286624,Avelumab+Axitinib
X97d1afa809fb0c655921c0ca2b2f9d64,Sunitinib,1.3003707543919094,1.5806502407626009,0.1434057102139226,Avelumab+Axitinib
X5f3b11e482ba5ccba88a68c876d2bd7f,Sunitinib,1.3214584609949538,1.3010666464897194,0.15670807284181962,Avelumab+Axitinib
X832e10f63e678f47e1ca9df1eed387d4,Avelumab+Axitinib,1.0314654043729832,1.0254562339424005,0.06424805717953465,Avelumab+Axitinib
X441f1fa08e92bc869755da2f1d547f92,Sunitinib,1.4293631291608955,1.1951346816835546,0.1763136062675389,Avelumab+Axitinib
X193d13fc662c7a4c86416d856d767d0e,Sunitinib,0.8407603937987729,0.6625373936864991,0.08344967899643926,Avelumab+Axitinib
X2d0a4d6a0245eddc55832f3567edc1b0,Avelumab+Axitinib,0.5648578996376995,0.45259374958236187,0.09618845310621026,Avelumab+Axitinib
Xfa384aff1a21a428ddc61730d791ac07,Sunitinib,0.6858807330952618,0.9836375374243684,0.08249863301638743,Avelumab+Axitinib
Xce653fac9fcd291555d86026cbbe73af,Avelumab+Axitinib,1.0607916253912761,1.312873521779489,0.1554030764180813,Avelumab+Axitinib
Xaa1b3ba6002fdc8b8b13bc722b2fe074,Avelumab+Axitinib,1.0139848970585879,0.732028271237074,0.0856860298626669,Avelumab+Axitinib
X4a34559af77fd876c74d98c1fd581aa2,Sunitinib,0.5240137767969256,0.6866427996986508,0.13241920943474786,Avelumab+Axitinib
X4c20c40030741ca8a07e483e26a19e67,Avelumab+Axitinib,1.6983991891333172,1.5362365771348092,0.1566911224325188,Avelumab+Axitinib
X99252e20f6fafaefaf3fadf51acc1ed2,Avelumab+Axitinib,1.2668062524180927,0.9397634882202153,0.09490392465799029,Avelumab+Axitinib
X07e01fdcb86fd0ab6446d7f20038d4a1,Sunitinib,0.7759841557014778,0.4817721832189026,0.1001395265767047,Avelumab+Axitinib
X8bbd8072d4cd190553dfaa7aaa7b19d6,Sunitinib,0.7485659982413986,0.7035649176151855,0.07433334102392132,Avelumab+Axitinib
X0bc0ebe2508cfcb3e0c4853061e2c638,Sunitinib,0.4482732546809742,0.1323870034963485,0.012804127554451905,Avelumab+Axitinib
X6f5f07201e23cbc8659f078d29b36cac,Avelumab+Axitinib,2.2740060323706413,1.9725671360566246,0.1761464857944898,Avelumab+Axitinib
X6a295c4f7db25ea5ad800d1d9df4cdfb,Avelumab+Axitinib,1.4031254086553644,1.2576416310546115,0.07141790877174777,Avelumab+Axitinib
X5db3fb52bae7f0ca108b11eac258a5ea,Avelumab+Axitinib,0.11999303105994871,0.6743490364672461,0.13699408222484194,Avelumab+Axitinib
X0d698cf8dde695f7a8cdfad41fad55f1,Avelumab+Axitinib,0.779265309282095,1.0859681481314987,0.10590713336247172,Avelumab+Axitinib
X64875728bb1ba831bf8b886cbb20235b,Avelumab+Axitinib,0.9629915777469524,1.4182866219222336,0.11536728372572913,Avelumab+Axitinib
X419386e8a743aeb75391e63f78626066,Sunitinib,0.8864876805339869,0.8107512242020068,0.09019037733554174,Avelumab+Axitinib
Xd14fb91b737e78e07ee6622e56539dcd,Avelumab+Axitinib,1.6561907794510868,1.768280737609268,0.1403766305834286,Avelumab+Axitinib
X111cb9fffc9fc55d838d097af1e3b727,Sunitinib,0.7435836769135993,0.7489954374843624,0.16602307026219262,Avelumab+Axitinib
Xbebf2ac740744d14a9c3196582773a65,Avelumab+Axitinib,0.8678619529776256,0.8021401186982683,0.14605144990716906,Avelumab+Axitinib
X55bb7aa07ad1c420285fa296f511e9fa,Sunitinib,0.5882351299672975,0.9274007319142006,0.14756927445441306,Avelumab+Axitinib
X7354734a2b7779fc172b8fa7062a7f3e,Sunitinib,0.415442807137214,0.35689491322367156,0.0280662046332043,Avelumab+Axitinib
X31dc99ac3198e9b0437786a6f2edc50d,Avelumab+Axitinib,1.2326240833502375,1.2865835328430288,0.2068750689356597,Avelumab+Axitinib
X52f703a2b6e5dab5d2ebebc819a4573e,Sunitinib,0.7883256684966142,0.9109593232023533,0.06411904661656673,Avelumab+Axitinib
Xe3a92c49455bf11904afa9c1d9661350,Avelumab+Axitinib,0.6586430199803829,0.705144453944813,0.09602667726307074,Avelumab+Axitinib
Xfab3b2d8b666d807064f44cf2671b1af,Avelumab+Axitinib,1.1840017989946003,1.0762249029480697,0.15201449669024547,Avelumab+Axitinib
X1cb9577d90b2a15e59959f7f911e6689,Avelumab+Axitinib,0.6970551132012424,0.4433745429464512,0.02749994409808684,Avelumab+Axitinib
X7705345d3d9843faab494c3b8319a90a,Avelumab+Axitinib,0.46508817020646354,0.7221398019572066,0.10628548610636321,Avelumab+Axitinib
X051ff3f6fc50a9899007b53b374ff36b,Sunitinib,1.771891286503864,1.5333913807052502,0.204068870466229,Avelumab+Axitinib
Xf00ad8a7026f9f410e9a4391d1787f46,Sunitinib,0.7416880362721664,0.840738473635103,0.16759542376244166,Avelumab+Axitinib
X046d63897cffd07093069e1986db4014,Avelumab+Axitinib,1.4338601012762038,1.3071754585757536,0.20056612426187667,Avelumab+Axitinib
X52d32af145d65a9fd0a8f433dce1baa0,Sunitinib,2.0415082070238837,1.462405013398189,0.17491222806974635,Avelumab+Axitinib
X872dded2f52f2be7d52eb034e273aba4,Sunitinib,0.9482500331515418,0.621724978793529,0.05477246060767042,Avelumab+Axitinib
X5baf5f197178a266431ca78d774ff73b,Avelumab+Axitinib,0.8386909868097783,0.7619428997049749,0.17499049913675638,Avelumab+Axitinib
X16772d239c75dacdd83f312235b63536,Sunitinib,1.9793914013674432,1.9499522027870686,0.22427406267203925,Avelumab+Axitinib
Xc59f11474e4e288c94b16010682b8f96,Avelumab+Axitinib,0.4682783655037174,0.6195204926042611,0.011461455792083124,Avelumab+Axitinib
X8bbe55f701b2cb1741c3c8d3fc3e5f6f,Avelumab+Axitinib,0.19676050070830703,0.6694400128724763,0.11137608343027264,Avelumab+Axitinib
Xa755249e1936fab43234f6197f086d49,Sunitinib,0.9643039676242059,0.5686468808563202,0.08904522093570102,Avelumab+Axitinib
Xd9e044356ada439e9bb8b532db358d22,Avelumab+Axitinib,2.177514376250632,1.7152043320125117,0.20249767794622517,Avelumab+Axitinib
X142598966b9c6f373bd9f077689c67d8,Avelumab+Axitinib,1.7689858655849149,1.668889674606795,0.22794384880123442,Avelumab+Axitinib
X680a33183fd78f2b9a08c97342f7a9b0,Avelumab+Axitinib,0.7151429116469674,0.3562366205581976,0.07775740114307991,Avelumab+Axitinib
X185c844f7285ea8ae7eff4047bf8e2e8,Sunitinib,0.8049250500655278,0.66167740646857,0.03694040943397657,Avelumab+Axitinib
X09a4c5313418bc448fa16ba847012a9d,Avelumab+Axitinib,0.5963317877949733,0.7841249063050545,0.1260762589487135,Avelumab+Axitinib
X5f6d56c13a1a7968d5c20cf44c9ed3d9,Avelumab+Axitinib,1.5433745921928663,1.3185332250215436,0.17212806520202623,Avelumab+Axitinib
Xeea47674d745fb638f7ed5d517b8e220,Avelumab+Axitinib,0.9684868009067584,1.1601886216628956,0.1709334360986759,Avelumab+Axitinib
Xf8574b7124f7a3b9e886350b171a85ba,Avelumab+Axitinib,0.23616990425033754,0.6804369501468179,0.07930859030694397,Avelumab+Axitinib
X5de3a983edc9aa39a8a090196504d7f1,Sunitinib,0.6194444705223446,0.6544356258853755,0.10535944478402696,Avelumab+Axitinib
X40e911a28e5b04b44b080cc04a5fd654,Avelumab+Axitinib,1.0305235713673135,0.6924902212214971,0.059497826652134336,Avelumab+Axitinib
Xe1b0f87c25889df31bc0fe76a68853b6,Avelumab+Axitinib,1.1599469041480832,1.1644244709651603,0.1730867713432268,Avelumab+Axitinib
X4c8bc6afa4b41d21c24cbd1f6acbf449,Avelumab+Axitinib,1.5480452782386276,1.119021613449154,0.11758676477294104,Avelumab+Axitinib
Xcb607df67dd6bb88c5aae2ff65c485ee,Avelumab+Axitinib,0.22011343997888555,0.5467452444104651,0.12930773492321213,Avelumab+Axitinib
X09dfa3b617b555a9df17e99b40f9db89,Sunitinib,1.3299488117817466,1.5799403090639195,0.21565505807283342,Avelumab+Axitinib
X272fccee2682565378fb775496b50155,Sunitinib,2.4904472012379824,2.0364369580775348,0.21094835931055494,Avelumab+Axitinib
X9b233d12051942da673360eae83092bb,Avelumab+Axitinib,1.5550153484793765,1.3274643947024867,0.1628652224726305,Avelumab+Axitinib
X204ddf78ad407b33588fa54b11ec93fe,Sunitinib,0.7037535516545995,0.4352651495970787,0.013202958810257561,Avelumab+Axitinib
X4c53ca0da8a337cc85f13c6beee2f35c,Avelumab+Axitinib,1.1180035393459808,0.6811828726810013,0.09887804244571834,Avelumab+Axitinib
Xa52b10d9515b8daf85f93fc3df9c321a,Sunitinib,0.6332567179997118,0.6700380546160609,0.12554319014327514,Avelumab+Axitinib
X1282a363cb519143621bb786e756e788,Avelumab+Axitinib,0.9654756502848592,1.0415028078393487,0.1309397664135226,Avelumab+Axitinib
X0266eeade6ca63ad927d85117f882655,Avelumab+Axitinib,1.3387906457080074,0.8968543088236748,0.06960930957442404,Avelumab+Axitinib
X2b5f3fd2a90978b344fec39d51c54017,Avelumab+Axitinib,1.1332669949469052,1.4252429642765794,0.17626735008450717,Avelumab+Axitinib
Xfa9dc94d5b73817daa418a97c1645c1a,Sunitinib,0.47467276881278303,0.5925578677226581,0.1441198413602692,Avelumab+Axitinib
Xbb15b2459d7bf3d5515151f9de1e9756,Avelumab+Axitinib,0.3044123746017358,0.36530551151379814,0.06506893265142713,Avelumab+Axitinib
Xbd1ed66c2fd724c85f233574a890149d,Sunitinib,1.2156349259551293,1.3502286365615714,0.1693620504659648,Avelumab+Axitinib
X8224b875993f51494672ed5edf92ea3c,Sunitinib,1.2466701502192623,0.8598817906234273,0.12658240392089806,Avelumab+Axitinib
Xc4b7b0ee94a4981e06e6d598a29bff57,Sunitinib,0.4111012366090148,0.5014872862097022,0.09398529974113572,Avelumab+Axitinib
X554f7b5a74e90e51d22efb03b2581225,Sunitinib,1.310269418631756,1.3608988954994607,0.17050739551889657,Avelumab+Axitinib
X40f0e24dd55565b8fabafb2e09eb6526,Sunitinib,0.7993659829329713,0.6712103646859865,0.11645409415459232,Avelumab+Axitinib
X578b112acdb7a280ee7a333abf958899,Avelumab+Axitinib,0.41653634340726947,0.4407468890031279,0.09045727701216041,Avelumab+Axitinib
Xa05d7892b8a58c890541ef76171d8139,Avelumab+Axitinib,0.45235440939171423,0.37888897692976425,0.0327077622933863,Avelumab+Axitinib
Xd8a98f3c034a61b3e4cd919898417385,Sunitinib,0.9365230011594939,0.8197967996574147,0.13071986707368183,Avelumab+Axitinib
Xc188b96b05bf78247e14a26fb7231ec3,Sunitinib,1.638588521393671,1.216454461197156,0.16470330086825016,Avelumab+Axitinib
X956b58c9f3bc9154ebccad2ff4dad365,Avelumab+Axitinib,1.0052381145278926,1.190701463138754,0.09211437996874954,Avelumab+Axitinib
X5f162dc7790e03b002ba75d5db05e0a9,Avelumab+Axitinib,0.7126216307042897,0.832838891027796,0.11549922398119326,Avelumab+Axitinib
Xee16677b2ffe9e0e7d96098fa2c24767,Sunitinib,0.24429645852236015,0.356243132297209,0.05733829083805488,Avelumab+Axitinib
Xa90a3aa39f672f2756323d3c2217e355,Sunitinib,0.9639652312165851,0.8431778580679659,0.11609165396570648,Avelumab+Axitinib
X5e3f9f5f902b6fa7420fac1e04a2559c,Avelumab+Axitinib,1.8091701426000035,1.6830918223559017,0.1572503335844627,Avelumab+Axitinib
Xd39e67062f2c834c707b85a43e564cd4,Sunitinib,0.23517225830163105,0.40265101810842663,0.04916058965392382,Avelumab+Axitinib
X54dd7db38d84c7317ac97ea0525ea9f8,Sunitinib,1.9429051150821515,1.6037995170568764,0.1951916220517892,Avelumab+Axitinib
Xf1ffe6ffb2047ae25a3a9938406edb89,Sunitinib,0.9948929908234203,0.7864707086103384,0.09926728254151918,Avelumab+Axitinib
X490b3aaf0b34d71712e894ca670bff00,Avelumab+Axitinib,1.6232469220297945,1.4898877443837593,0.0862890930454488,Avelumab+Axitinib
X0ab7ff33e9730deabcef80d2cc91f9ed,Sunitinib,0.4841850678761007,0.8770103927266406,0.09901983785422623,Avelumab+Axitinib
Xc24c2d5c9e3fbe370b73035d1fe213ed,Avelumab+Axitinib,1.0182563529862634,1.0366865519160997,0.1292454379341735,Avelumab+Axitinib
Xdf88f47459cd3df812fb7460a83728da,Sunitinib,1.0185201804766673,1.0435940030747064,0.1657321495074092,Avelumab+Axitinib
X502dfff1180e1952d964196c8493633b,Sunitinib,0.7844052413404531,1.068055998631906,0.13478865846268892,Avelumab+Axitinib
X607e127bc3f0f2741a16db6f4d381a3b,Sunitinib,1.7474940449676404,1.8795253861548233,0.24638653382230705,Avelumab+Axitinib
X84e83abd42afb7a8f9e890db309e939a,Sunitinib,1.0127296260515268,0.9932007577206206,0.13220385862746745,Avelumab+Axitinib
Xcac44b421f2becc20ee74493b10ee0b7,Sunitinib,1.731017752355445,1.4041724794661639,0.1405700395407486,Avelumab+Axitinib
X46c3c80adf66dc80a778498311a1fac6,Avelumab+Axitinib,1.234070582192433,0.7198688357886799,0.14852242366629545,Avelumab+Axitinib
Xccb12de1235ae5fbeced36bc8d13e7e7,Sunitinib,1.1138709201550578,1.850212643608055,0.1946616094886368,Avelumab+Axitinib
Xc0183c37a6bb780e64db1e0c9e3fa76f,Sunitinib,0.9069473937857613,1.216870479994872,0.11776156202552227,Avelumab+Axitinib
X5249c43c8376ddd9ea109e43669e06e0,Sunitinib,1.0189010178376727,0.9442838897043356,0.09656733554141818,Avelumab+Axitinib
X65ab81a70a3884a528b4e080a7dda7a8,Sunitinib,0.37796913759265843,0.6756804746265253,0.143157107278105,Avelumab+Axitinib
X0099d88de74c5734bc0323e6c531ce9b,Sunitinib,1.0036098172940764,1.6794888192531547,0.21481118658073645,Avelumab+Axitinib
X4188bd9ad1e2c2f2d6a429c29ec28532,Avelumab+Axitinib,0.41992257283856543,0.38781954177923816,0.07355507262724251,Avelumab+Axitinib
X1096a9d28ca7950724a896867e729133,Avelumab+Axitinib,0.9911893418686011,1.3134239095229383,0.12342244095497448,Avelumab+Axitinib
X298d47047ef997bfd4c253dca2cc0588,Sunitinib,2.0774148878365977,1.544467657845512,0.17893381960615778,Avelumab+Axitinib
X2202ed712481940f934cfb5812b743f3,Avelumab+Axitinib,1.8474009690851754,1.848625797218682,0.17683218009910154,Avelumab+Axitinib
X1bdeccb61df1623412271e05874b0094,Sunitinib,0.5781565702028956,0.6123743620528136,0.05746875426338553,Avelumab+Axitinib
Xfb9f7ca2d7daad69473b1192db1d7c30,Avelumab+Axitinib,1.3634395428377792,1.2251978522290639,0.09964082108419223,Avelumab+Axitinib
X0d5f6c7702aa2126719f1449869cb871,Avelumab+Axitinib,1.7203462463445445,1.7380310968301746,0.19338133192976764,Avelumab+Axitinib
X7633ae66d8c814f618ccf6a136fcb5d5,Sunitinib,2.0294159948693182,2.2105762338094,0.24281388418172678,Avelumab+Axitinib
Xe8e5271bc8c846a413d8a8738f7305c5,Sunitinib,0.4844732990290757,0.5689083454118247,0.0594685097698976,Avelumab+Axitinib
Xedf05e441e14f691663cd2d1807276b4,Sunitinib,0.7950267105151904,1.0023488512502725,0.0990191749281327,Avelumab+Axitinib
X54d26518c4a4300bbefa41c5a25040ec,Avelumab+Axitinib,1.2603594935923992,1.119417921695411,0.12005821759122023,Avelumab+Axitinib
Xf248a96e9f28c80844e8c27fc86d3e4d,Sunitinib,1.2057476796582038,1.435299417656592,0.19177680400698954,Avelumab+Axitinib
X942564e2e36dccdd3abc6e3da165c8c6,Sunitinib,0.6719925404451998,0.906111766004241,0.10172831781852723,Avelumab+Axitinib
Xb062ce653c73b5ff8a3ed1b0f3534651,Sunitinib,1.7117206001048733,1.9395805060807219,0.21373685167847872,Avelumab+Axitinib
X62b6c7739d9d7e6d52985b4c46c4d00a,Sunitinib,1.4473402175538712,1.3670737269823847,0.13168850268564733,Avelumab+Axitinib
Xd25d93b78bd1e0867aad1aab4ff01342,Sunitinib,1.3074743620134468,0.865727534440137,0.09507886975661241,Avelumab+Axitinib
X8e1ad2854c3bea90f66eef338b4f813f,Avelumab+Axitinib,0.8843173949389229,1.007256159165025,0.1576995576382526,Avelumab+Axitinib
X287b3d4433b74e09d38721f8c403f553,Sunitinib,0.6937407756800869,0.5260191033613981,0.06945433296295735,Avelumab+Axitinib
X2120e95574229d89ab8e6890708ae502,Sunitinib,1.1310661943461104,1.1971671811329874,0.124832882715307,Avelumab+Axitinib
Xd96588b7afb60fd88370d1f48bc427aa,Sunitinib,1.5180731245917702,1.1412587643330747,0.1636822324243678,Avelumab+Axitinib
X5a425ff0c21242dd543426597208a950,Sunitinib,0.5932147230399369,0.4108510599280218,0.049620621642564935,Avelumab+Axitinib
Xc69e258f8fe7aab43915d72d4842bfd5,Avelumab+Axitinib,1.8320943303004054,1.3550456994913684,0.17495809081620275,Avelumab+Axitinib
Xd77c1f9d62e12082abb31e74d3c8d6df,Sunitinib,0.5933708949226492,0.7590108326814877,0.07272417593042682,Avelumab+Axitinib
X01b45623e3bb135c0446448c619c9e45,Sunitinib,2.494758280149177,2.6324353304345594,0.25695179937670254,Avelumab+Axitinib
X64a237d7f7f6096638bfab20b7a0975b,Avelumab+Axitinib,0.7889792450741576,0.8382938925763259,0.15589342868844944,Avelumab+Axitinib
Xd15a6cf4a5cb803bad1e1018c3860868,Avelumab+Axitinib,1.1941413916807302,1.3888360813690415,0.14002059574216538,Avelumab+Axitinib
X2d32545eaa2458ef0fb3f49222cf988a,Sunitinib,0.33368581454915563,0.6222877494643794,0.11085112663685275,Avelumab+Axitinib
Xa7b387551de3ed990e8439c16b16e051,Sunitinib,2.148659576777068,1.9619763504602163,0.20789343198135593,Avelumab+Axitinib
X69e3512f7d6ff609c8b727e541e22187,Sunitinib,1.0938669101715652,1.4658833000919314,0.15504080098778247,Avelumab+Axitinib
X3e72c667849f46d12575de2c8fe1b73f,Avelumab+Axitinib,0.4790188258202861,0.5181689380928161,0.12711192560606954,Avelumab+Axitinib
Xfa8012d58e6e95476342cc3e0d7eefa3,Avelumab+Axitinib,0.8791021382752223,1.2281468894600494,0.1519481253708829,Avelumab+Axitinib
Xaf2bc83e78148af5d2a4ac4796d4f654,Avelumab+Axitinib,0.8264455737632367,1.1414288716493421,0.18250035221118963,Avelumab+Axitinib
X2111fa69962467ac3774495b34549ca8,Avelumab+Axitinib,0.919780547189081,0.8417523932650961,0.1124985730405669,Avelumab+Axitinib
X5c8076eeca70f8a7c44e2a1693e31936,Avelumab+Axitinib,2.051987809497921,1.9991061511708414,0.225282424777674,Avelumab+Axitinib
X6a727ed3fd694e28e7e3c8df3dea219b,Avelumab+Axitinib,0.5100858426377475,0.856854654364179,0.11225387960019509,Avelumab+Axitinib
X499855b171ee5626422214dedd2abe64,Avelumab+Axitinib,0.3961813478550157,1.0757831133755698,0.12754770033056537,Avelumab+Axitinib
X82e18c17d30609fcaef903843d59d791,Avelumab+Axitinib,1.2004810127364758,1.4317198445359334,0.17319227314491895,Avelumab+Axitinib
X6304847204cc728b80efa8eb1290a69a,Sunitinib,0.7599165260157867,0.7005451841114336,0.16058265811846922,Avelumab+Axitinib
X556c48640c368af6f43a861cf738e3c9,Sunitinib,0.33691247079788234,0.4625847252063856,0.10654220604510785,Avelumab+Axitinib
X75cfd69ff98e0fa2a5db8989e77a57a9,Sunitinib,1.5263508408434578,1.095814533307681,0.11900826538591419,Avelumab+Axitinib
Xdae1b2a0bb4d7a946c6090f4b63ff3cf,Avelumab+Axitinib,1.4145287245956077,1.6544176618383373,0.15470326458985695,Avelumab+Axitinib
Xbe6871919074c89a4a134d2772f8b338,Avelumab+Axitinib,0.6306052301933985,1.2903030157074296,0.15850514878414343,Avelumab+Axitinib
X983637d5ccdddf029d4f1858eaef9527,Avelumab+Axitinib,1.30175156391973,0.8358257877178856,0.11029164377355302,Avelumab+Axitinib
X3d0e882f5ba9d8cd36fb62661a9f2a3e,Avelumab+Axitinib,0.6409584094201417,1.0283415891061733,0.1298686443353776,Avelumab+Axitinib
X45b90f085077bf19a0687200420aad0a,Avelumab+Axitinib,0.8389414880548716,1.1213070347661847,0.16148271670912634,Avelumab+Axitinib
Xd5eae02dd41ea80edd57dd47b9c6fe61,Sunitinib,0.6235779219796009,0.6551742705427993,0.047167540168049665,Avelumab+Axitinib
X171f97d4eec5de4815cf607897a88f0c,Avelumab+Axitinib,0.6684212804619558,1.1610476662765468,0.16519098449056327,Avelumab+Axitinib
X1dba533b49b13d3dce87dcb185810486,Avelumab+Axitinib,0.1623022403349198,0.5163021753580476,0.10479407498434579,Avelumab+Axitinib
Xffe3f3ffcd97736a82990cc6f81078d3,Avelumab+Axitinib,0.6121350256210549,0.3234547604508738,0.023510722355294292,Avelumab+Axitinib
Xabf7e93504cc2e54f324e7fd1e7c5ae3,Avelumab+Axitinib,1.3435788831406312,0.9824096705127724,0.14276837873297632,Avelumab+Axitinib
Xa0b271c0bf7021d54e2423c6cafdf7de,Avelumab+Axitinib,2.0792127108583514,2.03051492631725,0.22069388946173593,Avelumab+Axitinib
Xe72293cda67b6d1dd148f3b67eaa122c,Avelumab+Axitinib,0.3473633390291613,0.5702910706057556,0.12366892143484771,Avelumab+Axitinib
X8052f165e6716be68da7dbcea1b38df3,Avelumab+Axitinib,0.5251007181025057,1.1003038283940456,0.10024039594244329,Avelumab+Axitinib
Xf8b4c97e1b0ad388dbcc1389a8c917d1,Sunitinib,1.3406299730000473,1.3123336056056478,0.16996172037797302,Avelumab+Axitinib
Xef9793fca0e9a13cc375c53500e2d988,Sunitinib,2.338317242323723,2.218496917885541,0.18394981845917788,Avelumab+Axitinib
X1fe6a3a7f298df27824af9fb32a1f415,Sunitinib,0.2866470103390522,0.5070132093231046,0.051610315070713494,Avelumab+Axitinib
X00892b2a96088ee5a09b881368c01fda,Avelumab+Axitinib,0.6648298569532057,0.642094952322477,0.11702506332201791,Avelumab+Axitinib
Xc75f6b721a01befb3490288c36184505,Sunitinib,1.7457384540191503,2.001470166874894,0.23479016470703348,Avelumab+Axitinib
X4fa8e3d17fe0614389e39cf8cfcadbc7,Sunitinib,0.24739460152380727,0.301424298076391,0.08298016153828099,Avelumab+Axitinib
X0ad83b437ca02c81ce96b41431f58eec,Sunitinib,2.085133444973571,2.0215361933353146,0.21548048576934645,Avelumab+Axitinib
Xc64192030a61c841728f4019d85f9c8d,Sunitinib,2.1854646080430338,1.7058525124369577,0.2025940724782447,Avelumab+Axitinib
Xa9b94b18beed8e4ee8bf626c2f41e756,Avelumab+Axitinib,0.9492140318708677,0.8255105331413147,0.13704268220564272,Avelumab+Axitinib
Xc9ec93cdf458fbc79be404feb57bb494,Sunitinib,0.6320612376397451,0.7585396705998386,0.13847839524037778,Avelumab+Axitinib
Xce364e38e480eafe53540bf89440fe06,Avelumab+Axitinib,0.8336889213331654,1.0924804480411066,0.11666768768407478,Avelumab+Axitinib
X2db4e193504ffaff309e95893fb2466e,Sunitinib,0.798380399341763,0.9384205799954305,0.15882832776703132,Avelumab+Axitinib
Xc5bda5244ebc014a1e9b8ec3b82ff609,Avelumab+Axitinib,1.4563865318430989,1.2134682878834988,0.13955489997004206,Avelumab+Axitinib
X8a140e4066fb9259506e894e021e10b9,Sunitinib,1.3756740155407718,1.0081529724695932,0.15239264484679838,Avelumab+Axitinib
X5450a2f44a83967cee81bf8e9599ae30,Avelumab+Axitinib,1.1144577914136728,1.7527432448687352,0.20615984874168367,Avelumab+Axitinib
X32be66e8f559cffac728b3bc63ddeab7,Avelumab+Axitinib,0.48753725579994156,0.5745189116339872,0.10089693411704348,Avelumab+Axitinib
X38fdaad447be4708ecd1a3b2ac1b7885,Avelumab+Axitinib,2.3234867614221466,2.2047046961876284,0.22614681048952917,Avelumab+Axitinib
X571642d8d7710a3dee6da58737ae279d,Sunitinib,0.4078132979589765,0.9616820776315599,0.1700405690731473,Avelumab+Axitinib
X3f1980268b36d427000556736ffe5ca0,Avelumab+Axitinib,1.077039186760425,0.828796934858471,0.04407179046838948,Avelumab+Axitinib
X3f3a813569b26faf2170ec083721b75b,Sunitinib,0.35712313792741246,0.4602843457259008,0.031862128030963256,Avelumab+Axitinib
Xf820ea17f0159aa56af9c0d10f5c329b,Avelumab+Axitinib,0.6111672566570342,0.6751274156195595,0.050689323853539976,Avelumab+Axitinib
X3080ff5d464ab4f495f18195a79efec3,Avelumab+Axitinib,0.29590894086190483,0.7378303231996829,0.09683178434005402,Avelumab+Axitinib
Xe3eac6c3ae811b0f2d329190bcc32bfb,Sunitinib,1.9462752144286735,1.8727161751472368,0.16997579254919012,Avelumab+Axitinib
X8c0e6d6daa5b513664fa5cb50f241ae5,Sunitinib,2.215062969589649,1.7015703930635273,0.19036587091095547,Avelumab+Axitinib
X37c71ecb5064264c046feb617faba578,Sunitinib,0.7041152790275389,1.148365041253275,0.19493750362318057,Avelumab+Axitinib
X2670ad3a317ed910833dfdd6c8cd31a2,Sunitinib,0.6961263098147525,1.230825969328967,0.1501845070946923,Avelumab+Axitinib
X41adc178a0c91e8182417308a2ead0af,Avelumab+Axitinib,0.42543810036430124,0.801009706594547,0.13821419135532906,Avelumab+Axitinib
Xbfc724a75b2df0ca789d38c68601577b,Avelumab+Axitinib,2.260296518891527,1.6807433403014127,0.1519031075894061,Avelumab+Axitinib
X94aa5f458f7a31eb62a73261193902c3,Sunitinib,1.7160349341659495,2.169902058040882,0.22846569760360969,Avelumab+Axitinib
X869639c8cf3ec578813dc01d0be68693,Sunitinib,0.49791619559591027,0.31133576240707955,0.04844962779857185,Avelumab+Axitinib
X576a2127247e20df85ed680ced8925f3,Sunitinib,1.5662547997878702,1.397426170002627,0.2183849575399271,Avelumab+Axitinib
Xdb0d336db224827a56359f1b1ea13654,Sunitinib,0.39749424697350016,0.5755011029116417,0.12547930064785512,Avelumab+Axitinib
X3e5badf09c1f168d8e19efc1ebb54260,Avelumab+Axitinib,0.8873848679885997,0.8185822273219652,0.11065349997066808,Avelumab+Axitinib
X14bb75459fb5c1a32548e228da504349,Avelumab+Axitinib,0.40295727986783936,0.906177487321512,0.12721468677114076,Avelumab+Axitinib
X7d4bc3496949fda54a71b36fdb6ce5fb,Sunitinib,0.9248840751844132,0.8721391178575377,0.13076706397913657,Avelumab+Axitinib
Xb847a6787ab5c7701c641462787e3ac0,Avelumab+Axitinib,0.8183040999716711,0.8611184319072673,0.18743172151142282,Avelumab+Axitinib
X3cad782b3b82b0a0decac662d2c23ffc,Sunitinib,1.9535955465976786,1.5471466592531233,0.14400729942447146,Avelumab+Axitinib
X8cc1da58e4181fe5bc06b8bf8d61319a,Sunitinib,0.8681342371412184,0.6799973522578215,0.05732038322100415,Avelumab+Axitinib
X4e87ea75ef4ec88b310fadbe64482350,Avelumab+Axitinib,0.9615452636385283,1.2332002257296701,0.20002807468996067,Avelumab+Axitinib
X53eba04ff3a0b1e2e6bda5cc55bab6b4,Sunitinib,0.776042615707134,0.6679969995427267,0.13470028575769505,Avelumab+Axitinib
X48e13f7e3294458f4ec622516f632d11,Sunitinib,0.3475459665674206,0.20030360631048388,0.01784107338663242,Avelumab+Axitinib
X4c5d2d4d935901608238afa354af9e31,Avelumab+Axitinib,1.1754159887633526,0.8469294080063013,0.12372960906353078,Avelumab+Axitinib
Xeb02b03986fb165db0918e780f07686a,Sunitinib,0.5224648525251541,0.699228117402424,0.09923618367876876,Avelumab+Axitinib
Xc38497606b7996fc037b818f4e18d2e5,Sunitinib,0.11832557959346696,0.354267592824835,0.09067709619307834,Avelumab+Axitinib
Xed91741e1dcf7f5d6daa5266d106db68,Avelumab+Axitinib,1.2378211816919042,0.9755476444651879,0.09188488050802338,Avelumab+Axitinib
X4e0cabea7a8fc8b2f393af82854d435e,Avelumab+Axitinib,0.4871050608002595,0.625722037987226,0.1113018079797436,Avelumab+Axitinib
X2653cf815108af994cd80e56b46c6b66,Sunitinib,0.866317766703787,0.9210702432994045,0.1745914260306545,Avelumab+Axitinib
Xe0b1d98af1a2051f94a80e6d25ac90f3,Avelumab+Axitinib,2.0011759145383055,1.6182564600815648,0.17726032206474537,Avelumab+Axitinib
X31fa1e19b01dc9f394e3137d9233ac7f,Avelumab+Axitinib,0.22146569877610872,0.44912815220842806,0.01637998667779913,Avelumab+Axitinib
X0f3ebb55cb792f27d6b89dfadc958636,Sunitinib,1.4537907439999829,1.337582444544082,0.2114408921978063,Avelumab+Axitinib
Xcc33070c83d7aee7287a6b209863d68b,Avelumab+Axitinib,0.5798959703901199,0.9543362078715586,0.13743241527717623,Avelumab+Axitinib
Xe3f5aefef52a59a32a563f27080f7718,Avelumab+Axitinib,0.17382894806001864,0.3346101327558381,0.0766294331853254,Avelumab+Axitinib
Xb77bf2b3a4da17962117b81d2daf46a2,Sunitinib,0.608131942443321,0.8640252666416539,0.11411437687347134,Avelumab+Axitinib
Xc89fc7348dd8c1385404fc2e54eb5dc8,Sunitinib,0.8373515613514578,1.0240668777288142,0.1626930119628255,Avelumab+Axitinib
X76ebb83ce08b46b79c0ac9188be50566,Avelumab+Axitinib,2.3326032075692344,1.7205283651543133,0.16586669562514128,Avelumab+Axitinib
X72d1be50f12b9e7518b7dee51a59d13d,Avelumab+Axitinib,0.3933356352153215,0.5598009973781718,0.09854081482250737,Avelumab+Axitinib
X6348fa126256a61bee9a1ba9f1dfc580,Avelumab+Axitinib,1.1430477941347292,1.4084338436339388,0.09757756163054407,Avelumab+Axitinib
X5e1d0f6c1f49464de96f31fe97563788,Avelumab+Axitinib,1.50575954217056,1.4822414354244287,0.1407295714426509,Avelumab+Axitinib
X0ccea5ff3169707a9e21cdac6235c894,Avelumab+Axitinib,1.1787646728167016,1.0599314711877672,0.10585582795622646,Avelumab+Axitinib
X6850853871fe7de4824940eb9c36bbd8,Sunitinib,1.781091470344797,2.0509702164779866,0.1634523567456207,Avelumab+Axitinib
X72fb0792922d23f91b76941c00fae64a,Sunitinib,0.9664928910676445,1.4339124702934833,0.12912665331708306,Avelumab+Axitinib
X5407d51e6a1cd375921bc54e8e0007b7,Sunitinib,0.4760402933001742,0.3674289762757537,-0.01588138798836606,Avelumab+Axitinib
X461c081c2c3c0af3a9064fe5bc520214,Sunitinib,2.375152048606234,1.728283950132327,0.17226894577685273,Avelumab+Axitinib
X20d133389892a705133675d732b26222,Avelumab+Axitinib,1.3734070382331147,1.6176754489820169,0.16801916737297182,Avelumab+Axitinib
Xa5a89e3b494c89531b85775c39b079bc,Sunitinib,2.2432300809285843,2.182444510247142,0.22592964012266728,Avelumab+Axitinib
Xee20a06333f572a12339eb1f7194201d,Avelumab+Axitinib,0.4867426652151067,0.4062254050353195,0.0634920677743038,Avelumab+Axitinib
Xd0a1c785570866e67fda7b0c34acfd22,Avelumab+Axitinib,0.33651649983218723,0.6506583628823334,0.1064621769938845,Avelumab+Axitinib
Xe33838348374cf6c65cb5a6baa2b4c4b,Avelumab+Axitinib,0.3569085426546432,0.650689091052274,0.06752728673025787,Avelumab+Axitinib
X2aa31f4365d2e06f42bc23886ce71799,Sunitinib,0.6227488171994359,0.7328673018227894,0.127336648036931,Avelumab+Axitinib
X805f226a799d96e3e9e9511d5bd6202e,Sunitinib,0.641210007037058,0.6539563032535721,0.12179681104379746,Avelumab+Axitinib
Xc646bb117ef7c10a0088395cac42ce55,Sunitinib,0.983590873967511,0.5849641020388748,0.09098151414943591,Avelumab+Axitinib
X1faafa1d86ddce2725e2603243a8c37e,Avelumab+Axitinib,0.5904275773676052,0.6439801058192853,0.026793091503779898,Avelumab+Axitinib
Xd8f6729e866977119d019d4300085941,Avelumab+Axitinib,0.761308438802767,0.7404734376980617,0.10513679088420305,Avelumab+Axitinib
Xd526d42acae6d1b12f5e30487a55e78d,Sunitinib,0.8777395412354172,0.9460253626890973,0.12262486257265495,Avelumab+Axitinib
Xa287e74d0c158f8cbd802441931ecc07,Avelumab+Axitinib,0.76361357661815,0.720200551117191,0.010921359719138844,Avelumab+Axitinib
Xd49b5e8094b1d830ee7c6da8f19fe307,Sunitinib,0.6344428155718128,0.4485096061025121,0.05785771140454275,Avelumab+Axitinib
X398c18c873a0a6fed544ad1036ee9c5d,Sunitinib,1.6148304102407036,1.6387964240702457,0.1486091770802725,Avelumab+Axitinib
Xc47444ad611f007560f0c1a76a2e7136,Avelumab+Axitinib,0.9970828757459546,1.4504169810910936,0.18052424460300046,Avelumab+Axitinib
Xa3f38659711e7c28cb5e1ad6d4057479,Sunitinib,1.0001175612963857,0.969108922221066,0.1600662805084617,Avelumab+Axitinib
Xd49637e55ceb4ffe81743fbe5ed0adee,Sunitinib,1.6997063854285341,1.448882979846031,0.19517399213153724,Avelumab+Axitinib
X64de93bb26f4887edaf9e2a0dec979ce,Sunitinib,0.49135174936248216,0.6117959616644705,0.093684447204239,Avelumab+Axitinib
X80dd6edb18c222882a5790ea6cab9382,Avelumab+Axitinib,2.316906736406775,1.8323497387703787,0.1995145225587579,Avelumab+Axitinib
Xe495d4d58d8a6ac92ad28d75abfa99ea,Avelumab+Axitinib,1.2793270440510651,1.311395327669164,0.18626460310622964,Avelumab+Axitinib
X607e71afdc7087fd9311b272eab73044,Sunitinib,0.7913928147568197,0.9418830411415373,0.08155585755274126,Avelumab+Axitinib
X8705f785a45ba82a0bef7f7de48ac9dc,Sunitinib,1.7615126459647892,2.17149096264504,0.2355596904982404,Avelumab+Axitinib
X65267ab96e97ada6d44778c6bca9c9e8,Avelumab+Axitinib,1.1380127290310795,0.7865445001438255,0.11079320860763715,Avelumab+Axitinib
Xe8558ecb11f1d75b941f56982a68ba5e,Sunitinib,1.272705709077446,1.5686622679252036,0.19663141689056715,Avelumab+Axitinib
X641dbbe575a5f9409b270bd86a815b1d,Sunitinib,1.5450945597424337,1.3254835170638615,0.15621467759270233,Avelumab+Axitinib
Xa7c0e70ae013f1426d039bd66de57f08,Sunitinib,1.2944137823793191,0.8891519019876963,0.14278813416693167,Avelumab+Axitinib
Xed99414f95c227f254fb0000c7ccc6cf,Avelumab+Axitinib,0.52526008729728,0.9163640507285721,0.07692603151985664,Avelumab+Axitinib
Xf339ed9120803df547c528b253ddca06,Avelumab+Axitinib,1.5782927276595782,1.3983988570485126,0.15979156741559639,Avelumab+Axitinib
X6f4df463288b75e2feafcdbdf0a30299,Sunitinib,1.4097546597843742,1.0438490861916552,0.14163122649230456,Avelumab+Axitinib
X1d7f4d3ed5e4fa978c54baff3e53cdbf,Avelumab+Axitinib,1.502885087953514,1.5197125944686367,0.20785188833374088,Avelumab+Axitinib
X490c18e70438680918d3ff4b611c6a0a,Avelumab+Axitinib,1.4764091099898873,2.0623581735069245,0.22297548498812395,Avelumab+Axitinib
X59b82f0ea6ca1faa0dc5ff2f15111ff8,Avelumab+Axitinib,0.1888589751027783,0.4403496642711595,0.07781956357610897,Avelumab+Axitinib
X10130b561ceb11a8156178cc262a4103,Sunitinib,1.4121072455446586,1.1585584024333024,0.1988167568062821,Avelumab+Axitinib
X76ac22987ded8959b45ee5e35375195f,Avelumab+Axitinib,1.0126663353289713,0.8216116843250734,0.10401117891313137,Avelumab+Axitinib
X08bfc83017b14d6fa292cd9ac8bd7385,Sunitinib,0.5501770460720969,0.5517611665699883,0.09562600925878766,Avelumab+Axitinib
X46a41725b121bf202d07031f3df99bf7,Sunitinib,0.9839301893501512,1.539264231654848,0.14299754372889284,Avelumab+Axitinib
Xd26a56af9e989bd7a353d2c65db6fd51,Sunitinib,0.7495977016283246,0.988072169278739,0.16279269773091173,Avelumab+Axitinib
Xe8861b1bdcca5b3576f25986bd4e91df,Avelumab+Axitinib,0.34836926814694047,0.5087545650475549,0.10740273472317202,Avelumab+Axitinib
Xfdb742505b30978af60b426c93a32f9e,Sunitinib,0.610653654747496,0.6634092440267254,0.11060622631796524,Avelumab+Axitinib
X864e74fbe9ad79a4d7f9bd091ed43a5c,Sunitinib,2.0844251517867303,2.197732549878054,0.2430333219587048,Avelumab+Axitinib
X5ff923bba9daefad54e8f268b0809fff,Avelumab+Axitinib,1.6879130517149892,1.7876706638429585,0.1533112177465515,Avelumab+Axitinib
X33ba1e8c2ebd0601d58598d409bbce02,Avelumab+Axitinib,0.5235347667865373,0.42028943072305436,0.053439281712651464,Avelumab+Axitinib
Xc04593b83b1751a2dd66ab95b283762f,Sunitinib,1.106676501761964,1.1090747923086612,0.14544023862384672,Avelumab+Axitinib
X0391e4d27df3045469a1d1b9229eaca1,Sunitinib,1.180213894251675,1.0320936333046113,0.15369956000008064,Avelumab+Axitinib
X7d786118a14bb08daf7b5cad85f27371,Avelumab+Axitinib,0.7913938956562925,0.6252468852517034,0.06198261015161854,Avelumab+Axitinib
Xc34326aa3930cff64eb1b7d41a118de6,Avelumab+Axitinib,0.7441259369608137,0.8668758934281224,0.060022658562709615,Avelumab+Axitinib
X00f9c65e32de1453c94e179f97f944d8,Sunitinib,0.47046593182757807,0.7207417657430173,0.0546136223719041,Avelumab+Axitinib
X193f7ec30727febd61c08d29f0af0ba7,Sunitinib,0.7457053925216249,1.384001131424109,0.1876525711275872,Avelumab+Axitinib
Xbd32d5ec6f302b0dd3ef0b0231735cfc,Sunitinib,1.3645926579281722,1.5850893643903343,0.17038128022750784,Avelumab+Axitinib
X4f91a5db5911b40d50c2cc4a5859c5cd,Sunitinib,0.6343876919760087,0.4640383869411366,0.043501251356482834,Avelumab+Axitinib
X1802823414b9dca9c0f602e38ce895cb,Sunitinib,0.9211385708980802,1.2363089913629925,0.20200836542493142,Avelumab+Axitinib
X7aab63b81cbca980182499c88a292852,Sunitinib,1.5316456181455886,1.312844034432378,0.1691978888202633,Avelumab+Axitinib
Xbcad6ee2a417feef84e852817756b192,Sunitinib,1.8552568368938436,1.4472746886039483,0.19077924788061482,Avelumab+Axitinib
X1e10d10c2195f4d70c9ffd2ed3a719f8,Sunitinib,1.4763886222139069,1.7302123295274003,0.1474186293572019,Avelumab+Axitinib
Xeeaf49ce11a583158224e2bedccb0483,Sunitinib,0.6116354707298665,0.7637543279467695,0.16417096633175496,Avelumab+Axitinib
Xddfb6783c289302f8084934a25584284,Avelumab+Axitinib,1.7159427604634965,1.8141857663441634,0.1881203468168927,Avelumab+Axitinib
Xd1096f586abee776522c0b579dc5c77e,Sunitinib,0.8222553035591154,0.813297983681567,0.07857259929151421,Avelumab+Axitinib
X7a6b12f051db97d098b41ff41218419b,Sunitinib,0.644831278458728,0.6603310588989401,0.12506285193137143,Avelumab+Axitinib
X7903b560c4fa52ba0200b068191bb1cd,Sunitinib,1.5855204193720358,1.0931156804131228,0.20564879421049467,Avelumab+Axitinib
X1b563e8c2c774da58f0ef669a2250dac,Sunitinib,1.0334833867436695,0.7753057255655322,0.10425628113706352,Avelumab+Axitinib
X3d46f788eb25894e1eb4b8159ecdf725,Sunitinib,1.4281335220806874,1.0905800824728447,0.1621622823635143,Avelumab+Axitinib
Xafff67ec9f0a450fcca0a36d7abd2a58,Sunitinib,2.1874822366820594,2.22325511672823,0.2250319568184224,Avelumab+Axitinib
X6e6f5c96d10dfa96418a6e67218cb9b7,Avelumab+Axitinib,0.4578427330293709,0.48197645963443125,0.10026326879322588,Avelumab+Axitinib
X75528f585fc35a72c1f7b575cc390ee2,Avelumab+Axitinib,0.4669671132652696,0.5182800437900331,0.056749932624469014,Avelumab+Axitinib
X03016c67e1946ae7308df16f53345cfa,Sunitinib,0.38494792254199467,0.7264687012495106,0.1482414538260199,Avelumab+Axitinib
Xbdfa6222382f82a7f9b125c93057cc7b,Avelumab+Axitinib,0.6808213822566477,1.2218562853165387,0.16008191668915606,Avelumab+Axitinib
Xf701105a0919e5779993cf68c6ffbc2f,Sunitinib,0.7470254284129875,0.7740624555892965,0.057118518096048024,Avelumab+Axitinib
Xcaf75e13d2effba7208a0e31f770ba1a,Sunitinib,0.9185840666578605,0.7884489231126952,0.07702444803916604,Avelumab+Axitinib
X1ba52a7abc319889dca25ff07f0b3415,Sunitinib,1.0134951716389475,0.7701446671253446,0.047678546147198825,Avelumab+Axitinib
Xd08176f366ce640169b7758844c0bbfe,Avelumab+Axitinib,0.6823276701812353,0.7829367079210707,0.1114351289653805,Avelumab+Axitinib
Xc38a7929f06b5f518c563f80152a25be,Sunitinib,0.5825423571455393,0.587935282580582,0.14478508783692645,Avelumab+Axitinib
X958ebbaef76f179c25a4b8a2dd03919f,Avelumab+Axitinib,0.906804141541358,1.377176238632101,0.17923721607970042,Avelumab+Axitinib
X2c2ff92bdb686414aa7bed3fce8ae0e4,Avelumab+Axitinib,1.81629512927216,1.915435445093057,0.16932330070829724,Avelumab+Axitinib
X5c5116e7958575e3f79c936efe1c57a9,Avelumab+Axitinib,0.8281926179849767,1.1164705968914577,0.16009974426445464,Avelumab+Axitinib
Xd695bc17392990da03f89704a05de665,Avelumab+Axitinib,0.5122822884320615,0.7823069306430358,0.1445788926432011,Avelumab+Axitinib
Xad0910eaf4bab626ae0dde5d6105c5b0,Sunitinib,1.3132172625084264,1.316378011588934,0.14532294277064717,Avelumab+Axitinib
X8301d6fe44fd03cc1af1d730ae7938e0,Avelumab+Axitinib,0.4560407046325593,0.45340200922096874,0.01905142097739196,Avelumab+Axitinib
X7fce185da7ac24ba2e5cab56adf3a4b4,Avelumab+Axitinib,0.4596944983303518,0.6750260812033294,0.09053331740457864,Avelumab+Axitinib
Xdb344673daa50c52bb374f4d04a405db,Sunitinib,1.1661302478390183,1.4463380283996299,0.20653537759302706,Avelumab+Axitinib
Xc8b258f1bece55ca2497e1e55ad7c280,Avelumab+Axitinib,0.2854844075705406,0.6378251840655824,0.12232906148669762,Avelumab+Axitinib
X4ef84c59544ab1ec4571d9d3bc5bf20f,Avelumab+Axitinib,0.26798240795899525,0.44038329351931305,0.03447263932726126,Avelumab+Axitinib
Xcb38f2905eeb732b3979a44c7c48cd52,Sunitinib,0.78484005398544,1.0072789826162984,0.12557760968445714,Avelumab+Axitinib
X700ca99e57d59839d99783a77cc12478,Sunitinib,0.49910196517544303,0.35736778926713275,0.05138688306929032,Avelumab+Axitinib
X8e4df9019ca3ee5404c9476242ef30cd,Sunitinib,0.10539803512275707,0.486133146132064,0.09148865432855223,Avelumab+Axitinib
Xe2365191520bb0c3c2fe29823c7ac4a8,Sunitinib,0.36734777689190184,0.4805504960721401,0.05302852517723292,Avelumab+Axitinib
X0d6dc6f04227c9e2d68b1bd2cee57be7,Avelumab+Axitinib,1.5080040429654495,1.6084011421352973,0.21814757329314072,Avelumab+Axitinib
X401be11fcf63b27f4108d070f0ff829e,Avelumab+Axitinib,0.5293258139466153,0.3923225706091532,0.05187116035117587,Avelumab+Axitinib
X5b66f583d957f8c8d608dc06bd9cb022,Sunitinib,1.5664038130796676,1.1366490195556298,0.11591935491073793,Avelumab+Axitinib
Xac45c5f63593fb9b54d73e75ec6dca7b,Sunitinib,0.6214072676027718,0.7867841119003609,0.08446722737754514,Avelumab+Axitinib
Xb7346b3bcdd53dc6b44090896d4b1e8e,Sunitinib,0.5281190244102787,0.6850447514965763,0.11217729973798854,Avelumab+Axitinib
Xec6d2ac4a9efeb327b23f4604d14de8d,Sunitinib,1.1191772305790024,1.000181873586518,0.1552940983703316,Avelumab+Axitinib
X2c91f66dca78e448a837b6254bb8e805,Avelumab+Axitinib,1.1292596667521668,0.6398598005055888,0.1313836109433059,Avelumab+Axitinib
X98c979b09eea41ffff563b4e906fe515,Sunitinib,1.4482157585207602,1.1273356545782365,0.18398554137777345,Avelumab+Axitinib
X399e52bf5620e856a190f0f002599eef,Avelumab+Axitinib,0.6838690139773157,1.0404998639554879,0.12528423451415138,Avelumab+Axitinib
Xa3860b3957d9e15d05c4947503ea3c3a,Avelumab+Axitinib,0.2658054760069773,0.30263961267281875,0.040130764379889015,Avelumab+Axitinib
X4b75915eb3afa63070a7ccb9ce18e3ef,Sunitinib,0.26925676431703605,0.5889895141431412,0.11084236399608838,Avelumab+Axitinib
X31a31f6f73350abb07e3ca22680fe24a,Avelumab+Axitinib,1.4827672937484953,1.109566691531051,0.129122058784208,Avelumab+Axitinib
Xb568ca553ada1a11e6e4283e2426a605,Avelumab+Axitinib,0.38892112966187575,0.36185697750952817,0.07827315328738947,Avelumab+Axitinib
X36d6f54c18a77130f8598458b0539ea2,Avelumab+Axitinib,0.36674733634148515,0.6891514046745695,0.0557360882569932,Avelumab+Axitinib
Xc22352bcf84a24c5c7629686d3b31ca4,Sunitinib,2.2784341416892913,1.5378338367278752,0.18315878253549067,Avelumab+Axitinib
X10cac65fe934644120fb592381042cf1,Avelumab+Axitinib,1.3268495251432315,0.9885136811297973,0.12549038367710416,Avelumab+Axitinib
X16f59d5c4921b2ba45f007dabad3cbed,Avelumab+Axitinib,0.6369410311822143,0.8982786875307067,0.14577025357723003,Avelumab+Axitinib
X6db065de288cb9dbb118cc972e93110a,Avelumab+Axitinib,0.7001902386662303,0.7860817706335999,0.09673241804647491,Avelumab+Axitinib
X593569c497e958a1d11e78c30aa495e1,Sunitinib,1.2158642604810663,0.9394310899379883,0.08189887128619164,Avelumab+Axitinib
X707562e580c4531bd64bdb40a77599f0,Sunitinib,1.0410413379387176,0.5910746303844655,0.10649984605822674,Avelumab+Axitinib
X8e828e2c0cf2d1a5a910a8b0fc286651,Avelumab+Axitinib,0.4129698998472784,0.7010002811895995,0.03377678795032625,Avelumab+Axitinib
Xd7996586134d83e7ec1fb0ef138a8681,Sunitinib,1.8454253226045723,1.4670825962777165,0.19835476400634156,Avelumab+Axitinib
X7c31805a23583362dc8ada543ae0bd69,Avelumab+Axitinib,0.30348629891512974,0.6115229322976036,0.04839640984601974,Avelumab+Axitinib
X9718340b6883560b297085e4d4eae2c0,Sunitinib,1.7417758302064468,1.2450657087085029,0.13551714021940697,Avelumab+Axitinib
Xc8aab3f0a71859b744be62893ffbfc78,Avelumab+Axitinib,1.5018458098635954,1.5650634949931221,0.24169600648061848,Avelumab+Axitinib
X8416e64212e80b7cd4da93491bccd1c2,Sunitinib,1.0779595564312048,1.1443211680792233,0.1938187611537222,Avelumab+Axitinib
X527f2aafe7403452b1f14607425ef28a,Avelumab+Axitinib,0.8515027330979138,0.9803126094176062,0.1572519732315607,Avelumab+Axitinib
X1315562a66350bf6495683fbbd32d811,Avelumab+Axitinib,1.8435418338503944,1.2869082605315998,0.15865753663107504,Avelumab+Axitinib
X7463814036931e491c4a97bf6135e87d,Sunitinib,1.992111163635671,1.699825301797559,0.18210444929936812,Avelumab+Axitinib
Xdc8850b7a6847a8b4e0302d3deb21746,Avelumab+Axitinib,1.4011343901709195,1.2264312362963,0.1449127376609282,Avelumab+Axitinib
X5713a01986a6dad5bf423d25d7d78152,Sunitinib,0.8473134917236064,1.347578479384513,0.2044699517051481,Avelumab+Axitinib
Xa50471a78f18e3f9fab10d9384a8422a,Sunitinib,1.0555209861227406,1.6801538543969183,0.2276408648726694,Avelumab+Axitinib
X3e50db01e03c1bc740cd746bcccf2dcd,Sunitinib,1.8914342080122346,1.5037408964152188,0.17229697415181752,Avelumab+Axitinib
X61a97d2741939f321db9d23e8ec3eb56,Sunitinib,1.2973110005702058,0.9949327404903607,0.1308759029365467,Avelumab+Axitinib
X26b8165c5fd1b2978e32af004874b1fc,Sunitinib,2.3300698598144285,2.2167821905835345,0.2525376738640898,Avelumab+Axitinib
X132b491d0edd4e1494250a18a31d442f,Avelumab+Axitinib,2.1673812110352673,1.692330380513385,0.20664693068160908,Avelumab+Axitinib
X4617a52675559f7b992cf596a448804f,Avelumab+Axitinib,0.4690778408879108,0.49283686560966855,0.084246685082894,Avelumab+Axitinib
Xcd7226eabfc7461ac437f800e24ad62d,Avelumab+Axitinib,1.9106352996891118,1.8412099030758975,0.25066091453495387,Avelumab+Axitinib
X6f4813ac3666d0bcab8c61a8ac6bec57,Avelumab+Axitinib,1.290111282491375,0.9403473346250167,0.16124225444392667,Avelumab+Axitinib
Xee4eaa5d3cc7dfb5f7a692bda987550e,Sunitinib,0.4945237906423848,0.7469831204839277,0.11139896286677328,Avelumab+Axitinib
X8c9cc36edfa940e108e6cb945f72fd5d,Avelumab+Axitinib,0.9578016912429587,0.7893081839424435,0.09968134286855279,Avelumab+Axitinib
X22f627bf28a75b163bb5e63e7b57930f,Sunitinib,1.148249905066568,1.259442730485002,0.15167188053725097,Avelumab+Axitinib
X65641b34493702375ff43aa39037a3f6,Sunitinib,0.700320951575039,0.7114303630570663,0.0831837183039797,Avelumab+Axitinib
X5cb4498c894563eb4e95ed48fa91c130,Sunitinib,1.9863449851647261,1.3803948587995818,0.1994956437717751,Avelumab+Axitinib
X36a5cb9019e6b2362a0135c1909a8570,Sunitinib,0.3883884214814697,0.47210168051199075,0.122320890976338,Avelumab+Axitinib
X774bdabe56f84b6a22415df31683f23e,Avelumab+Axitinib,1.8510584883309722,1.299167235039991,0.1610820582638284,Avelumab+Axitinib
X3437bfdabe0e2ac65dd8374a5015bded,Avelumab+Axitinib,0.8571136703849441,0.6027944350034881,0.12440730686870807,Avelumab+Axitinib
X13181576c8d17b661499a05d62cc4355,Sunitinib,0.4961324135265268,0.7209206170739377,0.09430064450935392,Avelumab+Axitinib
Xebda0643a03f2b2a2bd5e31289d3364f,Avelumab+Axitinib,1.7121668917068893,2.011710383898386,0.20623505804178519,Avelumab+Axitinib
X8325a78d718bc670b1316f22f4e85e98,Avelumab+Axitinib,2.1470107318395746,2.0481447885566886,0.21033887487138053,Avelumab+Axitinib
Xadf18fcf9785e2da066871172f96624a,Sunitinib,1.4845544080390236,1.0516878206058882,0.1764023644249616,Avelumab+Axitinib
Xd7a5110c1873d5a085abe247c80cfb2a,Sunitinib,0.7078388985070616,0.9741534505591457,0.09788443435237418,Avelumab+Axitinib
Xcbdb3a4eba82ff552cf858d0d11a5947,Avelumab+Axitinib,0.941460265840823,0.8394163930502535,0.10089298249589446,Avelumab+Axitinib
Xed96e2beaf054995261dde46f7eb024f,Sunitinib,0.31112260527551894,0.6524236847936313,0.10991040764683079,Avelumab+Axitinib
X26e514929c0ff7fae17a551d21ab46b5,Avelumab+Axitinib,1.3678968827655613,1.2605711710869547,0.1284059280394371,Avelumab+Axitinib
X535d3b099f0a293a5d6b4bbd7b0f0e77,Avelumab+Axitinib,0.21373900063332169,0.5539775321192598,0.11994246715605131,Avelumab+Axitinib
X4a8c1f735194d39e533317527bf027cd,Avelumab+Axitinib,1.1886010485895049,1.4001739809711868,0.2130952132250955,Avelumab+Axitinib
X1dde58fa912bb474be7e9bea10cdb6a0,Sunitinib,1.1076991833718062,1.398182005135323,0.13739194358734552,Avelumab+Axitinib
Xa8fc8e6f00eaf0bec86fe9ec2acb048c,Sunitinib,0.407091013308079,0.43693217167278464,0.07803638481065314,Avelumab+Axitinib
Xd958f79f90ef2a70eaf9711208600728,Sunitinib,0.7161315217448163,1.4489086070264379,0.19170001212825907,Avelumab+Axitinib
X8d0423de9b5b093cd0f8a2c432c45122,Sunitinib,1.2265091181120642,0.9457007334842243,0.17512824740251537,Avelumab+Axitinib
X56ba97ddae593a006b800fcb28bbecd4,Sunitinib,0.5027108439107839,0.7749466309192885,0.041010319002270666,Avelumab+Axitinib
Xd38da66e6c76cebf440888b81e0bbbad,Avelumab+Axitinib,0.6961761869724398,0.8127649632962999,0.14045454088646306,Avelumab+Axitinib
X974cd143fdd3a317f20044ea2cf0a5ce,Avelumab+Axitinib,1.73359304466718,1.2191650495433028,0.16589985650861075,Avelumab+Axitinib
Xf9d1704261fa366e71727842483a4061,Avelumab+Axitinib,1.8264597027472165,1.898928469239308,0.24155907360588486,Avelumab+Axitinib
X5916efe7b832a74bf5742f96d188463d,Sunitinib,0.43102074388390194,0.7507870242157177,0.10257135167230261,Avelumab+Axitinib
Xdda232ea154ef4752c1210c4cf0bc8f2,Avelumab+Axitinib,0.40108492618368285,0.75717341606982,0.12949375377413677,Avelumab+Axitinib
X1960e9013b7333ec0441b7298f2ac085,Sunitinib,0.9098280505235699,1.0242444482295816,0.15677729289045111,Avelumab+Axitinib
X65379a04244f2cf660c1af93c36109e8,Sunitinib,1.605764865225535,1.275973399567714,0.07612039237359026,Avelumab+Axitinib
X7d750305b45f45f2026be11e74fafcc5,Sunitinib,0.7958128089333361,1.3134630860604357,0.17135116646061288,Avelumab+Axitinib
X96bb5c571e081ceacfc6ecaef0f06eb4,Avelumab+Axitinib,1.1639380281769243,1.1945858994917244,0.1755868761235816,Avelumab+Axitinib
Xb6b7cad566ae32216898aff50bbd861f,Avelumab+Axitinib,0.97426579447792,1.072065349722586,0.1290005088854065,Avelumab+Axitinib
X823c84d42f579bb27c7602f09078d29e,Sunitinib,1.5461155801626147,1.4933630980338046,0.14887380305502043,Avelumab+Axitinib
X9d0c399b3ad78757f9188bd6aa785dc1,Avelumab+Axitinib,0.38185465617497194,0.5071563140553595,0.0987172693966165,Avelumab+Axitinib
X9313a28c5ebcf8a326c4d9e965e31f84,Sunitinib,0.20283209418316167,0.3176886717529418,0.11733929028696433,Avelumab+Axitinib
X55a61dec5a3418c9268f5f0e96db1aae,Sunitinib,2.3844973017282456,2.208631753912005,0.20504628123598317,Avelumab+Axitinib
Xafe1b6e1c8ed32897fe1ad56489df744,Sunitinib,1.422514518570538,1.2050374264330441,0.15940141734551852,Avelumab+Axitinib
X931ae2ec7ce29c4bd4e00c0c31777813,Avelumab+Axitinib,1.1302095277212314,1.6124321882585315,0.16030965106835354,Avelumab+Axitinib
X7c98f8edab0e202814e32c1c7c20831f,Sunitinib,2.4978341168732845,2.0134260563601023,0.21475132658621535,Avelumab+Axitinib
Xce9f25e180783082c9c095ea5dd0bda7,Avelumab+Axitinib,1.1092845487715017,1.0081692669693352,0.14836830348495303,Avelumab+Axitinib
X1acab56e6d9b6d862a0060dd370d6a20,Avelumab+Axitinib,1.7025450803723472,1.8029595305632016,0.1419314112687029,Avelumab+Axitinib
X396646fbe77614b1d94c8b579540c9e5,Sunitinib,1.1283020611317272,0.9137243635380633,0.12900506289845842,Avelumab+Axitinib
Xdbc72bd3fa34e684b07e70fe883e8624,Sunitinib,1.8076731680905005,1.0731116043923197,0.14712540820348197,Avelumab+Axitinib
Xe5708fa8dbb23ffce9d768f2af036bc8,Avelumab+Axitinib,1.008504895910984,1.7065474370526041,0.2257501296006934,Avelumab+Axitinib
Xb4520634503998faccfd85cd4d83eb70,Sunitinib,2.121294798586441,1.7769957946712795,0.2093713062483353,Avelumab+Axitinib
X48c1d034956d2932857a406c8dd2f945,Sunitinib,0.1620958270008972,0.5454056956156695,0.11304869908256653,Avelumab+Axitinib
X8080e7abcb2fac011679a0f14fa28678,Sunitinib,2.0913406392942755,2.106182404942302,0.23765961022414817,Avelumab+Axitinib
X318d71e76bc04ff80504fdeccd6bd06c,Sunitinib,0.5167596326473037,0.5694114846355595,0.08834537362068458,Avelumab+Axitinib
X883dfe26a92f2d337c082020465b08d6,Avelumab+Axitinib,1.2526184661060926,1.0064854062914939,0.04486856142672158,Avelumab+Axitinib
Xd31100eb671fbd563ef499d02b7fc4e6,Sunitinib,0.7547709486727537,0.81759662259076,0.04815456228978086,Avelumab+Axitinib
Xb241a7f8140a03bfc5d8fd0fc2ede730,Sunitinib,0.2026575055322946,0.7409856609378066,0.08122087493924336,Avelumab+Axitinib
X70c8e245754792089b6d06c83b448e30,Avelumab+Axitinib,1.242675313630014,1.007249301193646,0.10152514535190274,Avelumab+Axitinib
X5533e4b9ab4293e76c613428d49ed7f9,Avelumab+Axitinib,0.2438389983124947,0.6007237195470188,0.10087493523974259,Avelumab+Axitinib
X7725ac4bf4b4ef6da024ec4830c6487c,Avelumab+Axitinib,0.8770652616424106,1.2831852602888965,0.18674818074790128,Avelumab+Axitinib
X819edaadb358fdba6f7197b8f3cd3c28,Avelumab+Axitinib,0.5780652538557066,0.4416228661805709,0.009804203980959977,Avelumab+Axitinib
X2b7d4d6de56baefee20232a28ff72b05,Sunitinib,0.7497422610750395,0.751246085626564,0.08783142835650126,Avelumab+Axitinib
X07ac42d906a1d733d74eb512d16373e9,Sunitinib,0.7215418937472576,0.9492241805911558,0.08510125003960667,Avelumab+Axitinib
X87f909dd661a6f016797819f498c2cad,Avelumab+Axitinib,2.3854261860989583,2.4177518930160917,0.2402014224674706,Avelumab+Axitinib
Xc98150517e6c53b6d6dc9f7b76484e46,Avelumab+Axitinib,1.636016213494199,2.0465648629101274,0.20422617571754895,Avelumab+Axitinib
X7f03ffe319d51d8c94516a53caf7b5d2,Sunitinib,1.5842081986461192,1.1327053831193514,0.10172792444738413,Avelumab+Axitinib
Xd8444f83fbf95c66164fdf3bd6355354,Sunitinib,1.0181463121074315,0.8880455379707942,0.18592349286041113,Avelumab+Axitinib
X90b83220b53c76c8d4970330a1fe882b,Avelumab+Axitinib,0.8823607068512695,0.7988200578004762,0.11534429532956406,Avelumab+Axitinib
Xebd60f0b53f631b3652393070ae27ff6,Avelumab+Axitinib,1.6169808832687544,1.4979327061171537,0.1643565478971915,Avelumab+Axitinib
X8ce8d5e386619f67fd48550448a52b05,Avelumab+Axitinib,0.5345873291991363,0.7371056395989438,0.1391652728486797,Avelumab+Axitinib
X5153865bee65ce6bf758ce935fbbbcaa,Avelumab+Axitinib,1.85357973096965,2.0060792007127812,0.2345167884839,Avelumab+Axitinib
X3d7a2306f65da61f077afe15977ef9f5,Sunitinib,0.33602035240589745,0.6222260274817882,0.10081300712324193,Avelumab+Axitinib
Xf4296b0604c8d0b2a800837ada09ac5e,Avelumab+Axitinib,1.828300532224737,1.3434722776469936,0.18669219465929707,Avelumab+Axitinib
X5cabb9f0afcc6ec89f28a72e66b75c5b,Sunitinib,1.1763434242361641,1.090296765098488,0.1895347014637356,Avelumab+Axitinib
X80e9754208c8276033c7a0a2853360db,Sunitinib,0.8520702399817249,0.6141707405380722,0.15624715464756583,Avelumab+Axitinib
X5c36fc9c9190e8ef6f5ac745da99a844,Avelumab+Axitinib,0.46461424560797626,0.38446449196350624,0.019723452844674184,Avelumab+Axitinib
Xa1ee7a84d356cfe587555a3c4ee15b67,Sunitinib,0.8912950083884371,0.9964727888346843,0.13950629851467944,Avelumab+Axitinib
Xc762d8a2e994aba60b9538b732bbb037,Sunitinib,1.4992069181553573,1.169305842474259,0.1632719616152245,Avelumab+Axitinib
Xe2f05dd9123c59886e6de8a27a9d7492,Sunitinib,1.0659974558482532,1.214285634671146,0.17998179338667114,Avelumab+Axitinib
Xb983bac0b13161192f9db4ad92aeba52,Avelumab+Axitinib,0.45969912610204056,0.3982398298042551,0.04203018149300648,Avelumab+Axitinib
Xe38d274b6db8d5529cc013942f95673d,Avelumab+Axitinib,2.011102654388158,1.3104864328691364,0.18533935726916032,Avelumab+Axitinib
Xe31f8279366dc42f3f3f3d98acfd4937,Sunitinib,1.1091701439059254,1.2132109295628157,0.1598680335960322,Avelumab+Axitinib
Xdcd636f14733dd9befa590c3270f9c8d,Sunitinib,1.6476751701834635,1.7956289334017936,0.15608469546319823,Avelumab+Axitinib
Xad4ca43e0058c9e288144acaaabc8ab4,Sunitinib,0.9494657924043883,1.1196946083569699,0.13715095816594186,Avelumab+Axitinib
X5db2ba740f908fe3a3e6832d48949346,Avelumab+Axitinib,0.7597195576673437,1.1982097201511162,0.16780748927358224,Avelumab+Axitinib
X3d2cbfd8c3343515af2039db17d13b07,Sunitinib,1.3847671233239436,0.881693727665321,0.15102582235603607,Avelumab+Axitinib
Xd30aeaed198995f5cfddc9e5c1114017,Sunitinib,0.5135336889004531,0.6135633369074888,0.09031887552998044,Avelumab+Axitinib
Xc3506d578907bd6af24e8b2b99ab5147,Sunitinib,2.1304066723330113,2.432976891418912,0.2632166611834331,Avelumab+Axitinib
X149d7097a5e30cd7e236fbb36d673c85,Avelumab+Axitinib,1.2467609223790055,1.0890074485758812,0.19844195173683568,Avelumab+Axitinib
Xc2d4165846f97640572ca02893698074,Avelumab+Axitinib,0.45208533077123064,0.3933095463830276,0.03927154750891816,Avelumab+Axitinib
Xfa5161da02dc708956db10f2f6d5962c,Sunitinib,0.6958519016915233,0.9102395043134911,0.11768639586023151,Avelumab+Axitinib
X423d4e701b61d84a699cbabf6ffbb184,Avelumab+Axitinib,0.5888966095878305,1.3216376645809513,0.16649409104251806,Avelumab+Axitinib
X375ee2d507a784beb169bed5ad0005bf,Sunitinib,1.6990795165927717,1.3970947521335189,0.17052560120217058,Avelumab+Axitinib
Xf772ea4ed61813a59910f6c26332fa25,Avelumab+Axitinib,1.488922704095951,1.443841208361902,0.1999541645209963,Avelumab+Axitinib
X4b472c39d871e66c9dd202f62ee109fe,Sunitinib,1.3314140244985773,1.018009218919687,0.18380985896943203,Avelumab+Axitinib
X7bc7d5df0739f7dd4d7f142c858971ff,Avelumab+Axitinib,0.4759520141267994,0.6330913448137482,0.06282206266220929,Avelumab+Axitinib
Xc93021d3938abd806b6edb9e48982d3e,Avelumab+Axitinib,1.1641180727129294,0.9631966553356902,0.06127768150927966,Avelumab+Axitinib
X6ae495b09cc60d421ca35e96b8617a78,Avelumab+Axitinib,1.2445980911547467,1.0137468291423468,0.14012844261832835,Avelumab+Axitinib
Xcdf653d491c2b7b8955f49f52e6cfafd,Sunitinib,1.4393637038418619,1.146537292719941,0.17625258045581618,Avelumab+Axitinib
X84b76cf406160a69f3c0ca47a6f5fb33,Avelumab+Axitinib,0.6759248697265958,0.5729535133745891,0.035173395331343935,Avelumab+Axitinib
Xa7e40154bb3957e5d149cb5459f9bb32,Avelumab+Axitinib,1.2616250713243553,0.998121692867722,0.16522637695487014,Avelumab+Axitinib
X4fd2a06a93591162de642a421b33fa77,Avelumab+Axitinib,0.6160202804640875,0.7856328254106124,0.10477151535125478,Avelumab+Axitinib
X62cfa3d54c2122ccae3ea722cb24dcbf,Sunitinib,0.9501393694756072,1.064021838230616,0.11066115124221147,Avelumab+Axitinib
X843b6d9d38faa538b6fca3ef0ce45d90,Avelumab+Axitinib,0.5522472722479173,0.7081860537209721,0.09186711573067692,Avelumab+Axitinib
X985dd445ee5348ce31d484e322cbfe35,Sunitinib,0.9798044884147956,1.2237305114364727,0.1685913535434915,Avelumab+Axitinib
X70d85275acf86d8a3299e613e53a4181,Sunitinib,0.6901000496830515,0.8852073006134606,0.16074864002170577,Avelumab+Axitinib
X68fa64ddcd99e95b6085b3ef1eb075b7,Avelumab+Axitinib,1.7933474506164417,1.3192536831908497,0.19729220865121017,Avelumab+Axitinib
X36938f2301d2f36761850f40c6e72f0c,Sunitinib,1.4468299164813887,1.0294507722815367,0.11060935498166272,Avelumab+Axitinib
X488eabbc80a89d1e04993559f6ae9384,Sunitinib,1.6973161519562017,1.8131650934403933,0.1840416786266371,Avelumab+Axitinib
Xe7bfaaf99f0a66c602b860c50f9bad60,Sunitinib,0.94117251173526,0.8168460084546352,0.02666406583435921,Avelumab+Axitinib
Xb3397e408ae209f5d0b03e79954b0287,Sunitinib,2.0286711718490036,1.7998079069448578,0.21356671294787996,Avelumab+Axitinib
Xf2b2ecc54b302907b1020d1e1050e97b,Sunitinib,1.1029646546659584,1.015541347276326,0.1865755621146818,Avelumab+Axitinib
X6c822e20f412da5f66e15ba09d63658c,Avelumab+Axitinib,0.8387497734614151,1.2705698236187446,0.15954391530934875,Avelumab+Axitinib
X6307d29e7ebc03887e7a9d4f0c39e56e,Sunitinib,1.2471200202551644,1.0471260327724643,0.12520049974078115,Avelumab+Axitinib
X692d529911641ea34c920a70eafac71c,Avelumab+Axitinib,0.37382771418826416,0.42281099184312343,0.11219152439762677,Avelumab+Axitinib
X9b5f88b07a649863eb84fb80d727c11a,Sunitinib,0.9647629620238936,0.7961471782969085,0.02416911653329106,Avelumab+Axitinib
Xca8fadcc3339337709f71b79464a83ad,Avelumab+Axitinib,0.6118636994832194,1.1475761589996378,0.11893559273849136,Avelumab+Axitinib
Xc67dcab848b11b0d17028de530d76677,Sunitinib,0.3578694735856027,0.5383179718233518,0.10959090859355244,Avelumab+Axitinib
X33cc64b4735bf365bc230704691090a4,Avelumab+Axitinib,0.7411877068903112,0.8712688337567026,0.1419276832930295,Avelumab+Axitinib
X5eec42ac3d60e17a0ee801790e5f8c1a,Avelumab+Axitinib,0.10745985297835847,0.34579101243878074,0.07274806960299697,Avelumab+Axitinib
X7046afe6d8678450241140d66814922b,Sunitinib,1.174591765325291,1.37695271119666,0.13087444992356312,Avelumab+Axitinib
X2ff0243ee6560db47ce501526b55fafd,Sunitinib,0.7602420039573475,1.2054374224879718,0.15283507150849404,Avelumab+Axitinib
Xb1b6e68ddf4e7f59f6246de37b52a657,Avelumab+Axitinib,1.5628891010444546,1.1374201666963493,0.12824885024436838,Avelumab+Axitinib
Xa0573da176061e2b5b3f6cda5c46cd76,Sunitinib,2.1081583300013027,1.9891071659120922,0.15017939172934594,Avelumab+Axitinib
X95de3a9a466261563ac56429650618d3,Avelumab+Axitinib,0.8269488370061691,0.7558946391133462,0.10780850227031244,Avelumab+Axitinib
X8920cd6e9b1c09ec387519d700e0416c,Sunitinib,0.6428918072312843,0.49787278955156544,0.06560344471932118,Avelumab+Axitinib
X02d38608a5177d4432002c2a9cf9751b,Avelumab+Axitinib,0.8226679349793214,0.671323719012551,0.1464235330315616,Avelumab+Axitinib
X191913a7fe9b4af030fbc7e6c700a947,Avelumab+Axitinib,0.9256732363429533,1.2242573937211432,0.13533755385258978,Avelumab+Axitinib
X66fb3a3749cd97b35532ab29da0b434c,Sunitinib,0.258158644416547,0.18132131704076773,0.04397794626443709,Avelumab+Axitinib
X06ef28ca7f0c2f30d845e89f85369f2e,Avelumab+Axitinib,0.3818810580779699,0.459335563787447,0.08792026999942401,Avelumab+Axitinib
X49adc7734a3f2ce5accc83d55de64009,Avelumab+Axitinib,0.5417600741712023,0.6141759428349589,0.11282700241917736,Avelumab+Axitinib
Xfdb20a7f909fccc82f69a598e0812a05,Sunitinib,0.30290713904837663,0.7568557110273039,0.09632356089603065,Avelumab+Axitinib
X4bd202ebc23a5dbfbe179389ef540f31,Sunitinib,0.7739834368543878,0.7549025659267771,0.13907779525498803,Avelumab+Axitinib
X372d9a0fb462df93f8fb37eb775181de,Avelumab+Axitinib,1.2485343234338728,1.1916017866672133,0.10087661769624114,Avelumab+Axitinib
Xdc8b221d5d6d4dfb8ac4d9aeb748a1fc,Sunitinib,1.8575277874210234,1.8754519472683575,0.18551463166677282,Avelumab+Axitinib
X4f9df56534f76c8368d55ad18e5e7db8,Sunitinib,1.9384506669646677,1.9464034594672637,0.16581761677667795,Avelumab+Axitinib
X8e2d227961ce2739dd10b141b5e7ebe1,Avelumab+Axitinib,1.4181581761846085,1.2140928170925196,0.1567596535970569,Avelumab+Axitinib
Xaf7263b2c6a6d79146ee2433c9097859,Avelumab+Axitinib,1.4887529140961289,1.9768599130328188,0.2026607086443373,Avelumab+Axitinib
X844c374fcfa09eb8af0f5d4a1d7ec915,Sunitinib,0.7902350973497543,0.8266705650244409,0.06351928638725697,Avelumab+Axitinib
X8bd3ad55b8f72e406430d3ea0fd79497,Avelumab+Axitinib,0.5473705742004358,0.8325509580949915,0.11612958773329049,Avelumab+Axitinib
X897660095e14291476c04c07d62ab19c,Avelumab+Axitinib,1.211248206813581,1.2653899176501753,0.1747927019885907,Avelumab+Axitinib
X634bf443a76471fa32212f6537b66494,Avelumab+Axitinib,0.31433197703327515,0.3176496054311899,0.0662245543146981,Avelumab+Axitinib
Xe60a38f89d5f9bf4c9c5eecacb281bda,Avelumab+Axitinib,1.1404087494258939,1.3271162756673347,0.15211726688918356,Avelumab+Axitinib
X7a1f2bd4d9c59c579470b59b2cc5aef1,Sunitinib,0.5037035191695307,0.5636631246157618,0.09432340849896557,Avelumab+Axitinib
X5b40b2b5588645ecf1b152f07b2156fb,Sunitinib,1.5485522263600675,1.7361862502681082,0.18481795214536417,Avelumab+Axitinib
X17c5b25010ace8eb555695a0f17d8058,Sunitinib,1.3036905430992043,1.7878208268292408,0.17959878477999802,Avelumab+Axitinib
X4a704854ae6f0adfea5e7e9d07d856e1,Sunitinib,0.8505897590284738,1.0152581390686128,0.1149179735751985,Avelumab+Axitinib
Xe349b3b57901898f4ce19e0f8ae00073,Avelumab+Axitinib,1.5416990163827122,1.2263220726080035,0.047508859814336564,Avelumab+Axitinib
X4dc5526f2380d1944c16c405492293d5,Avelumab+Axitinib,0.36240415507016,0.6321214460805449,0.08412189808806991,Avelumab+Axitinib
X307540b071972183f79089bf2968194e,Avelumab+Axitinib,0.0700811567406304,0.5616430604053473,0.094951946559052,Avelumab+Axitinib
Xfda5067579ca1dbe0105f0044c9a1a36,Sunitinib,1.836287410946969,2.295309852348597,0.2474409667414912,Avelumab+Axitinib
X98f49d8e7e9e23332daa59a1736513b1,Sunitinib,2.3546369910515157,2.3077120565616016,0.2335391536686573,Avelumab+Axitinib
Xa86c464d7742799bc7cca15e5073ba6d,Avelumab+Axitinib,1.685777006928749,1.0679365504560658,0.12781998115841892,Avelumab+Axitinib
Xe49744bb3cd2750dacc5f87e48c34c34,Avelumab+Axitinib,1.1517917935982582,1.2445157708833812,0.13614211431942327,Avelumab+Axitinib
X40ff97e3fb95317c43e78c54e4af6fa2,Avelumab+Axitinib,0.6711658277739297,1.1183359212393815,0.1317359686091048,Avelumab+Axitinib
X407f1a2a5483e7c610000f4a7d6626b8,Avelumab+Axitinib,0.5629949736782631,0.5839482632462377,0.14530862654096913,Avelumab+Axitinib
Xc3a87c39d5e5fd936c2cc6c2f40d1ac7,Avelumab+Axitinib,0.2832129307278628,0.5949036447896268,0.12103485088151048,Avelumab+Axitinib
Xec1bc98eaf9528b4671b2e6380ef1f7e,Avelumab+Axitinib,1.1858874574946308,1.3231500441751027,0.1400364336259879,Avelumab+Axitinib
X61ce42886ed83ef5b9e7113331d551b2,Sunitinib,1.8893140819764178,1.6942923052754884,0.2329643723320875,Avelumab+Axitinib
X50a360052d5f832029f99bcfc8d51b74,Avelumab+Axitinib,0.8837379410327459,0.7518796343596342,0.043190969306550996,Avelumab+Axitinib
X3feac9dc8f5e975c5141ac83fc438ea2,Sunitinib,2.254734527956593,1.6996848743486792,0.18887080667514775,Avelumab+Axitinib
X3b1ff3ab3d1f98e94f9966b350d2d64e,Sunitinib,0.47048133386190427,0.6047358728170021,0.13300416767618886,Avelumab+Axitinib
X9190ab7e874737a2b5ced7e7c83b037a,Sunitinib,0.5241302065915304,0.43661747071930085,0.11523426865727904,Avelumab+Axitinib
X780cfa362fa0dc62086edbc2b2114ba2,Avelumab+Axitinib,1.6364753154346037,1.7988243695088424,0.15616918715555417,Avelumab+Axitinib
Xa212833e830fba62ac4a50af668150c7,Sunitinib,0.45132166237662985,0.8615438127317295,0.0950965209624338,Avelumab+Axitinib
Xab2c4c91b315465a99537d47cfeb7ca0,Avelumab+Axitinib,1.0265349986135357,0.8695963299497482,0.1367025259946944,Avelumab+Axitinib
X06c76fbf2ede7672b6d7ee8c254f3277,Sunitinib,0.8645533661609375,1.5155919374649847,0.16374601768853755,Avelumab+Axitinib
Xc2bbe39a40e0ea262e6d0b9d6ab7abc6,Avelumab+Axitinib,0.6298906812490722,1.023847440825429,0.12185757230397301,Avelumab+Axitinib
Xf595addaf738129542c61ecbd2daa940,Avelumab+Axitinib,0.7434136119934047,0.5751256913380114,0.10025748191949095,Avelumab+Axitinib
Xbc08a17e9b687750725db0986f4dced2,Avelumab+Axitinib,0.688760202389973,0.553518568723466,0.0658540703334912,Avelumab+Axitinib
X6c02f2b6404b5b719a0646c07f4a3479,Sunitinib,0.32372453347919655,0.5680814065314664,0.041191295262203866,Avelumab+Axitinib
X19ea89697b4c64446d8b8966fd09dd1a,Sunitinib,0.4745745831209569,1.1904500211962046,0.17635292228174632,Avelumab+Axitinib
X2cddd57246691bb4967fd526e468af6d,Avelumab+Axitinib,1.0525068575601535,1.0480535195187928,0.1788151127736801,Avelumab+Axitinib
X41ad534f4bc16a8535415c0f2e2fda50,Sunitinib,1.3798061643639588,1.389225881400499,0.14380154636745304,Avelumab+Axitinib
Xdbf4b0114f0ccc6c53724809d4946d8f,Avelumab+Axitinib,2.190086551509978,1.7402724848925695,0.19705671122855717,Avelumab+Axitinib
X2528a2fb7cc4f5bc3922038fe45ba025,Avelumab+Axitinib,1.1918829961317088,1.1465734147221693,0.13978474934595433,Avelumab+Axitinib
X723d15a0e582e2096f38afeeda3a18d0,Avelumab+Axitinib,0.38639949900889464,0.4472174869382646,0.011467637873465825,Avelumab+Axitinib
Xf530811b226c90782cb8ddd71e28cfce,Avelumab+Axitinib,0.43898688519006257,0.5955806839174478,0.10570443851764995,Avelumab+Axitinib
X7c276f502728f99d72029bdb8570114a,Avelumab+Axitinib,1.5058471637406403,1.2883263088954162,0.15990414449895746,Avelumab+Axitinib
Xeb3456819968e1e488e594986af7fc23,Avelumab+Axitinib,0.43991194405368156,1.0185077778695226,0.12377113192088622,Avelumab+Axitinib
Xcdeadba663a471057fd7ce97bb34b3e1,Avelumab+Axitinib,0.7680776789841127,1.5251251705962332,0.17668348330706657,Avelumab+Axitinib
X94cd280620f5e23ebcc4a2122ed7e243,Sunitinib,0.5581343505823535,0.487225640408404,0.04647930174609795,Avelumab+Axitinib
Xba314ebdbc21a67b2f5a30ea871c1121,Avelumab+Axitinib,2.052246856256209,1.8913524377138766,0.22245526078204497,Avelumab+Axitinib
X4434839d8caca6a0d57b8e0f2ca331fc,Sunitinib,1.2319473620988686,1.0154492879418946,0.15015768980513908,Avelumab+Axitinib
X065cba0a7be42c63bc66381248079786,Avelumab+Axitinib,0.31934796348842276,0.8341689439673006,0.07742723972267553,Avelumab+Axitinib
X892f6420e8654725d5e4285fecd01357,Sunitinib,1.3665599588899988,1.5605719500746758,0.18862193903096855,Avelumab+Axitinib
X1419bb61cff4470103db9366a61b6ad1,Avelumab+Axitinib,0.5506594695499556,0.37348246857926193,0.040117564790114954,Avelumab+Axitinib
X55a53755c5d27e22e4408e44d1bc989a,Avelumab+Axitinib,1.512278364595413,1.1997788238668061,0.15414871786507717,Avelumab+Axitinib
X464daad68082ebb8209ea5db3a50e7ac,Avelumab+Axitinib,0.2868422467817151,0.7048950039935119,0.10305767424082195,Avelumab+Axitinib
X8b16dabb218e165eb22f3ae7d5fc2fe1,Avelumab+Axitinib,1.194937295868456,0.9802971099629468,0.07694590883440701,Avelumab+Axitinib
X664e3c39989d204caa88811baaad4e67,Sunitinib,0.9245054063420692,1.1780657384953428,0.13242728107106988,Avelumab+Axitinib
Xa1be8162bfc18fef3ecf0aa3de28f948,Avelumab+Axitinib,0.3403078596884697,0.3784932356999246,0.07004949186075705,Avelumab+Axitinib
X9b4771d72604de636d8fc01006bec3cb,Avelumab+Axitinib,0.6548500648954498,0.5547976892954256,0.12194712453877284,Avelumab+Axitinib
Xdddafb0cf3edca87e72d34cd7d65d4c5,Sunitinib,1.3464030189408136,1.7056978483308853,0.23167989568218378,Avelumab+Axitinib
X1e3c3a35d1e2dfb5cc4e564bf73d2f2b,Avelumab+Axitinib,0.3257346503394019,0.5631693067627133,0.09232454436918414,Avelumab+Axitinib
X85e649550a835fe5b9aa7242dc1334dd,Avelumab+Axitinib,1.9102389677876848,1.5753206831258726,0.18043244300541963,Avelumab+Axitinib
X073e4ec7218e717789609c79cabf8ece,Sunitinib,0.9035016881061217,0.9325360724082752,0.07658352680429802,Avelumab+Axitinib
Xe201489e8158cbf66365d94c9046c7fe,Sunitinib,1.7898108615175201,1.9828720844084584,0.2356117277198997,Avelumab+Axitinib
Xbfc74502e5e2f9e11ee5c2bc3b84851a,Avelumab+Axitinib,1.5328038605760896,1.8807542252213048,0.16257161134754486,Avelumab+Axitinib
X6d110edcfa19d0fafc2684ae8b8afa6b,Avelumab+Axitinib,1.9779700564938334,1.6858337489677913,0.19101229346536716,Avelumab+Axitinib
X3abf2b9a9346c01d52c76ce5dede3980,Sunitinib,0.37880151418168007,0.8203309804386018,0.12451958657615128,Avelumab+Axitinib
X610cafc680ee97aea24070005548f05a,Sunitinib,1.6560276561711442,1.7989334389544136,0.17691036359548148,Avelumab+Axitinib
Xc2a3a41db9f5fdabf96bcb01080bdeb7,Sunitinib,1.567759065539872,1.302054824663808,0.08926577812171127,Avelumab+Axitinib
Xecba685c7ee49ce91dcb6f204ac0c406,Avelumab+Axitinib,1.7954742352768638,1.3464452551834187,0.0879645477175104,Avelumab+Axitinib
X1e634d89b40d572b87cb8c782964ef56,Sunitinib,1.2292389564841293,0.9341201527877407,0.12710759675080413,Avelumab+Axitinib
X507a6b65d5e4c2f63a58e14fdd6325fd,Sunitinib,1.181873378105288,0.9200108654067639,0.09503359920625107,Avelumab+Axitinib
X0de012a810cbd5283893a650dc5099a4,Avelumab+Axitinib,1.8083586388750217,1.6364488479848285,0.19306979426343568,Avelumab+Axitinib
Xffb8553875f8d19e4cb0c3b883220b26,Avelumab+Axitinib,2.403468692801894,2.483839486131699,0.24633080618843642,Avelumab+Axitinib
X2ba17c90a3c1bff4ef8827b2663120e3,Avelumab+Axitinib,0.3489283104747281,0.9653759645654534,0.13877975116511393,Avelumab+Axitinib
X0131ee30a1572f16c5674577f5cf6a43,Sunitinib,0.33584335563957207,0.3436987960212385,0.028759216519402556,Avelumab+Axitinib
X68003fd125e65bd2f75cb6641d6773cd,Sunitinib,0.9664431018182736,0.726170013366596,0.05767715956752622,Avelumab+Axitinib
X30165d5b06d679e87a97260760a2321d,Avelumab+Axitinib,1.3261797532278967,1.3039734079418015,0.16029432678580122,Avelumab+Axitinib
X83633277890734c074619296bcce8443,Sunitinib,0.48940984181742797,0.6705561380147862,0.09401374617775596,Avelumab+Axitinib
X46a8c75eb2f5ea2df29957ad27749d1e,Avelumab+Axitinib,1.223787079837648,1.0035488425578898,0.07029551408278667,Avelumab+Axitinib
Xa5b3c8ab74cec6509ba4b63b74dd193b,Sunitinib,0.5729993211276642,0.4897341536206978,0.08021080969283134,Avelumab+Axitinib
X0591d2ff8464c7b3bd6dd570182325a3,Sunitinib,1.8723745087780577,1.499295981451914,0.14395306090900972,Avelumab+Axitinib
X58586cc65d96406ecc23e19516620a47,Sunitinib,0.7936291999039303,1.080971034194281,0.11746165709072474,Avelumab+Axitinib
Xb4e664746cbea6b38ec618cef93983e8,Avelumab+Axitinib,0.7602386967827466,0.6226876319202623,0.13614575397527715,Avelumab+Axitinib
Xb9003b38b6034a93f04bce46bb86d49f,Sunitinib,0.8912147018947943,1.145673161059052,0.0789065236243858,Avelumab+Axitinib
X3de3bcd0c0874689a5e14cb96a8d8b54,Avelumab+Axitinib,1.3735090735776747,1.0306798030511943,0.1366294524877395,Avelumab+Axitinib
X4f08ff8ca9c717e02f40591efc99ddbb,Sunitinib,0.3724025757627143,0.7077243117482539,0.10327530229376752,Avelumab+Axitinib
Xddf0616451cd9f7cfef532a697965c69,Sunitinib,1.582508337153654,1.4446747114526484,0.1771467655923547,Avelumab+Axitinib
X37695d12e5f7ad98d22665252947a491,Sunitinib,0.1914624424885169,0.22460177044599502,0.10831447471783374,Avelumab+Axitinib
X8fc3dc71e50dfac95e2b9962a1bff5ca,Sunitinib,0.7058373808201014,0.8484461600104412,0.10068381262453828,Avelumab+Axitinib
X1ee17dd8582bd966a10bb046765f5da0,Avelumab+Axitinib,1.1413869806282844,1.4703626324545176,0.18459470126457506,Avelumab+Axitinib
X8c1e220212c25023f7698b4987fef769,Sunitinib,0.8148737521097299,0.5573131490911919,0.09880623917155013,Avelumab+Axitinib
Xa8196313df90e274fa5c478ddc0e3f48,Sunitinib,1.6421261218297645,1.8702119671610697,0.21234049629492804,Avelumab+Axitinib
Xf2e8bbf385c2c6205d0a62ac763c6c1e,Sunitinib,0.5598636141154729,0.5046777988070272,0.08774435550060289,Avelumab+Axitinib
X531a18c617b52572555af6dbaf79d155,Sunitinib,0.4328197980423346,1.1371306426262098,0.16080161386096445,Avelumab+Axitinib
X4aa3c05a1721abdb85a8cef490bfcc80,Avelumab+Axitinib,1.0951599165085637,0.7560543924794624,0.1380015057734042,Avelumab+Axitinib
Xdae098d1f553b8ad7b29b7260d8cd815,Sunitinib,0.5969300233761473,0.8163197537787027,0.1707280270791687,Avelumab+Axitinib
X693eb00264592bf8cdde068dfd8b13e4,Sunitinib,1.304322853046491,1.1739861921364485,0.19199196760220386,Avelumab+Axitinib
Xceed74a24dea8bbb00de34feee199cdc,Avelumab+Axitinib,1.4795490522419936,1.183996354101101,0.1532389644145588,Avelumab+Axitinib
X519b745128d6dd46890a1dd16adf8bf2,Sunitinib,0.9228169634269723,1.084963562012387,0.15585169621736294,Avelumab+Axitinib
Xc6f9674d8473b628a802595c2f5880ea,Avelumab+Axitinib,0.5325943380160165,0.49153813933699697,0.11113601575885253,Avelumab+Axitinib
X188bc1d97d61f0caececb8fe2eeed462,Sunitinib,0.852655700740252,0.6669221406457837,0.09312804226603283,Avelumab+Axitinib
Xa9894c70216514219b5f0f25e1722e32,Avelumab+Axitinib,2.0252250290466653,2.056376704932053,0.20059033152040293,Avelumab+Axitinib
Xd638828ea3a561ed62fdc4786771b528,Avelumab+Axitinib,0.656824304865306,1.1724341804095062,0.16646945806749033,Avelumab+Axitinib
Xa09b7a199303d519d339c9f769d9b9dc,Sunitinib,1.4068263976336233,1.5849855353683868,0.22065696047858815,Avelumab+Axitinib
Xef16d6de92fa55e092482ff6e0e377da,Sunitinib,1.24650973848968,1.550833839837994,0.1257982234103766,Avelumab+Axitinib
Xcd42ec62c52ed2d7d4501b1f0b35c658,Sunitinib,0.22244018173668306,0.3953921186238721,0.0795398475848976,Avelumab+Axitinib
Xf00fc26b8ce31e7a40ec44b8f0939be3,Sunitinib,1.3365959676057297,1.432444164915499,0.11503469155423804,Avelumab+Axitinib
Xcdaf1a47e636b818a05fc059e5e7362e,Avelumab+Axitinib,0.43935844598931284,0.5868563731097465,0.10128334840317234,Avelumab+Axitinib
X2d5b794b4a59d862d8d75f411db99898,Avelumab+Axitinib,0.3658400855033149,0.8684359522612152,0.15134290184610194,Avelumab+Axitinib
X423ad12945144a8996111444ad911c26,Sunitinib,1.455054942697125,1.4750628357039461,0.16004524953237706,Avelumab+Axitinib
X9b1952ff2f60a44272d3fdd1b0cfce64,Avelumab+Axitinib,1.3275611903654572,1.3396565147501716,0.18532631210161224,Avelumab+Axitinib
X2069a43cf26725e339dae5a64490a17f,Sunitinib,0.5952270240074075,0.5055865340304156,0.11873377709615912,Avelumab+Axitinib
Xfcf883ad693b49b5821616119ad680fd,Sunitinib,0.4741413515036056,0.5797517794685697,0.08830121194538953,Avelumab+Axitinib
Xf0288a91968b576b8a7ec5d40a0cc370,Sunitinib,0.977352735794138,1.0267244811268226,0.10688074012149022,Avelumab+Axitinib
X7b97ab8789ce36d8bb74bad9392c7bcc,Sunitinib,1.1840181682115427,1.2289241078495303,0.15250542622212554,Avelumab+Axitinib
X9266c402a946811edc6ff09679d86446,Sunitinib,1.6350805436671618,1.3689188232950966,0.12314415062489219,Avelumab+Axitinib
Xfa8ee8a5cf3379d856208707cbdd3f92,Sunitinib,2.009560144186344,1.4284361031131758,0.20804730435329913,Avelumab+Axitinib
Xb174a22946d23624c5dccc28f9360223,Avelumab+Axitinib,1.9792158202700298,1.4340030465357383,0.13985512243140857,Avelumab+Axitinib
X8fd2b38971ab6febeed1416b6705c8ce,Sunitinib,0.6062015907061146,1.1974440181930952,0.11503787452621804,Avelumab+Axitinib
Xe761ceb4a7b55e5c5c994435182ed394,Sunitinib,0.8832825009727754,0.7503065913654331,0.11051019063047757,Avelumab+Axitinib
Xdf5868027d40950ed7db528969acf608,Avelumab+Axitinib,0.9812329737607542,0.9225775228386414,0.1430378744963623,Avelumab+Axitinib
Xf1c001fc4a606ec3775852226bba646a,Avelumab+Axitinib,0.9379489633135177,0.8206615520961366,0.1248691565184067,Avelumab+Axitinib
Xd6f8c28242e48d91ef4bc598cb9e617b,Avelumab+Axitinib,0.38200850796029123,0.58682942873422,0.08093106710295701,Avelumab+Axitinib
X7331ed3730c6913b1d0e609095a9ad69,Avelumab+Axitinib,1.5193878534852665,0.9725837833261576,0.09864483077542947,Avelumab+Axitinib
Xfcedaa76e45d0f17694bda70a3e91fb3,Sunitinib,0.9703647070536934,1.2748910990852824,0.19816371698881044,Avelumab+Axitinib
X11fce3363f7481501759a4cfa960c7b2,Sunitinib,1.4260623680476694,1.3021202026772105,0.10464752353798425,Avelumab+Axitinib
X5662bd7ed1c9e11ee8cd047c10d281e3,Sunitinib,2.159948202652325,1.6259788170682556,0.14506823476344158,Avelumab+Axitinib
Xbe78ca3c4574d60a753d70731a52bc0e,Sunitinib,1.5272197610440974,1.131017653360907,0.05734418682181536,Avelumab+Axitinib
Xc8e4a2ab35f44b70241633b78606dbb7,Sunitinib,1.78761398811538,1.822803426756409,0.19229134137642254,Avelumab+Axitinib
Xa20db00649a026cd61325d802c1b2ed0,Sunitinib,0.7826126316353184,1.4098921495044492,0.16857577676300825,Avelumab+Axitinib
Xf70b0c5dacaddf40ca7e402c8f7b5f6f,Sunitinib,0.33594523317430364,0.8011324046932534,0.11007644366925252,Avelumab+Axitinib
X4a6d350bfb1c3a69f8ce570498cc6f7d,Sunitinib,0.701776102656248,0.979844150605369,0.13924621266727535,Avelumab+Axitinib
X7497144f2ef21e19c254fabd5639413b,Avelumab+Axitinib,0.5902395074429166,0.7402177621815723,0.08399602183375564,Avelumab+Axitinib
X92da4f0f17bf64a7f3c4b7c9970869ea,Avelumab+Axitinib,1.1821055666229663,0.9176881439184293,0.1434261462271578,Avelumab+Axitinib
X510c6ec5d94c0fd563a1f2b7e5e938cd,Avelumab+Axitinib,0.369302134821979,0.6491580424357509,0.12221949881010948,Avelumab+Axitinib
X8f59876cddb394193004de168c132baf,Avelumab+Axitinib,0.4323775285865279,0.6448798605298444,0.07699224514379004,Avelumab+Axitinib
X0c38f986cbea173cbafc957bfd0b28d8,Avelumab+Axitinib,0.5283319225956482,0.6043847375422726,0.041939844242452166,Avelumab+Axitinib
X48ebdf79e99261ca64ec89fa7cac2e00,Avelumab+Axitinib,1.53575345299933,1.8443351290758387,0.24261772017484914,Avelumab+Axitinib
Xe0f58bb185e45c7a3fa81f212570636f,Sunitinib,0.29630930817129786,0.2383502298797277,0.040953872501663324,Avelumab+Axitinib
X8710d098169fa294d03d1b5cacdc2f7a,Sunitinib,1.6765472460465067,1.6405514785881712,0.2205981901964745,Avelumab+Axitinib
X05d22214a12074d176162b3d3d206363,Avelumab+Axitinib,0.48932513220283874,0.7898727628820124,0.11228554318963363,Avelumab+Axitinib
X8783adc097e910b52c11f50e2a4aff2a,Avelumab+Axitinib,0.3431141190153181,0.5086825688020264,0.10264908359989562,Avelumab+Axitinib
X6f5c1c6ee29562e92b675186a9a24770,Avelumab+Axitinib,1.373105379343546,1.002733442301929,0.1296134788375832,Avelumab+Axitinib
Xf38ca769a89025901a144cbbe657da6c,Avelumab+Axitinib,1.1879968868839699,1.2629822503372001,0.10510863625160802,Avelumab+Axitinib
X2f399a936f871f31bca98d92bb413cbe,Sunitinib,1.6859157470538282,2.163241491874198,0.24062430384410718,Avelumab+Axitinib
X5063c34f9a841ad4a0c53dde5f42473e,Avelumab+Axitinib,0.22282962951970767,0.3151962939531738,0.08250972241994792,Avelumab+Axitinib
X5b5e39b2215dcb24bf216ccbf6166e39,Avelumab+Axitinib,0.19385296513686157,0.26508748737316157,0.053271981336967845,Avelumab+Axitinib
Xdfdfed054a070b6d003e028c7fe428cf,Avelumab+Axitinib,0.2398498281457542,0.7446717504686098,0.12213432109245351,Avelumab+Axitinib
X9f70446324bb6710757ebed4fa864a3f,Sunitinib,2.185832538637591,1.7322582705190257,0.2090066661884928,Avelumab+Axitinib
Xd041787a5e525c2edaaa90a843640bb9,Sunitinib,1.2753670733512859,1.6111371106312493,0.18879960710103352,Avelumab+Axitinib
X30ee743b7fde59d25ee30303eb699e31,Avelumab+Axitinib,0.9605317129052472,0.8595803842473306,0.1293150474138722,Avelumab+Axitinib
X40f2f3210695eef9940acf149b2d96ae,Sunitinib,0.6953895661902215,0.8426171961849629,0.06559194844582679,Avelumab+Axitinib
X342758d6ea21d1386905ac1ebd7b325e,Avelumab+Axitinib,0.3048953707880744,0.5312134294610275,0.05908367113141508,Avelumab+Axitinib
Xcbe29b67a8243fe575c88ed8e2c2afde,Sunitinib,0.877996329137413,0.9774333685655022,0.11112869376738127,Avelumab+Axitinib
Xa3e41989c4df89d004d738e3104e0f1d,Sunitinib,0.6778645522953533,0.6620986950338396,0.06840820487291657,Avelumab+Axitinib
X16976202f690ab9fcaedacc52f5cb27f,Avelumab+Axitinib,0.7968246966584893,0.6982503286070484,0.0694862205596996,Avelumab+Axitinib
X593df5fbb758a91e262411484346d0a2,Avelumab+Axitinib,0.6776611232196897,1.4072268433722794,0.19258323032368407,Avelumab+Axitinib
Xcfacb7eb725aa51c8def27f8bd09b2c9,Avelumab+Axitinib,2.050550625181028,2.1270650130596342,0.240245244320461,Avelumab+Axitinib
X5f49414082930ad3d6faa26afe948131,Avelumab+Axitinib,1.6065414480743474,1.2655713947314895,0.17802971768349427,Avelumab+Axitinib
X0f828e9106d704b282e2f18107fb6b7a,Sunitinib,1.353143952977716,1.7625782942180968,0.18737844438492532,Avelumab+Axitinib
X60e548e4beac14fd27d9a41556a076aa,Avelumab+Axitinib,0.30071999571620694,0.47485241607651446,0.038245041939206435,Avelumab+Axitinib
Xb9859ece5e81e4f21ef40665928a5526,Sunitinib,1.2553915014253323,1.793180481541383,0.2528191822648457,Avelumab+Axitinib
Xea2a3b33b1273d60fe78d41efd2c930d,Sunitinib,2.5355023447251845,2.44178430848528,0.25757135467171594,Avelumab+Axitinib
X47810e4a1d20c07f975b3546767ef2a0,Avelumab+Axitinib,0.713722417646829,0.8367971807064108,0.16583808284599622,Avelumab+Axitinib
X5709f9e5805825fc3821f22c7b148137,Sunitinib,0.7207963867887837,0.6399872156383878,0.12183873251844596,Avelumab+Axitinib
Xbb1c5a25e8abc5f7b1bfae0a7dfe4a1a,Sunitinib,0.49417862765218373,0.47734967836347086,0.10534723779412465,Avelumab+Axitinib
Xdfcf5305535621a96b578113a61d1144,Avelumab+Axitinib,1.4989417042064908,1.9333466051236248,0.17107304840388737,Avelumab+Axitinib
Xb219770dd39b0a33a2a5aab580e38f48,Sunitinib,1.9386591762489993,1.9838214048680074,0.19793112594205092,Avelumab+Axitinib
X537dfe703f9be6f7b41b45d720e48d46,Sunitinib,1.3384832638453399,1.4635927968916114,0.21373003549966527,Avelumab+Axitinib
X4fa2a1b3738de2989fb9621b6895af41,Avelumab+Axitinib,0.34105770464839374,0.48197890999629794,0.0706472504509458,Avelumab+Axitinib
X3a136cd62607201b4a5025d1b5368c40,Avelumab+Axitinib,0.4846130331618091,0.5678070578397137,0.05358509270379416,Avelumab+Axitinib
Xe56964515d4aa080ba8350f66b89b1ca,Sunitinib,1.1765184534926638,1.1211623435604565,0.18263586901793893,Avelumab+Axitinib
Xddc4ff1849070c7b6d678bb059022f12,Avelumab+Axitinib,1.396135180463939,1.3607522815821493,0.1935344925468244,Avelumab+Axitinib
X941fc436adec159e7f469ce22721c0f9,Sunitinib,1.2083920368390693,1.3641547271954,0.18800250811556848,Avelumab+Axitinib
X3cdb45cfe9ffaac83f36c75e4af759e6,Avelumab+Axitinib,0.5889982734924007,0.7830655044561629,0.1408515871081156,Avelumab+Axitinib
X34af9fb58cf5136b9863f09f90309afd,Avelumab+Axitinib,1.038350166233358,1.1961115910160833,0.17311468166717878,Avelumab+Axitinib
X1692599f3867c8e12b6bf09046771943,Avelumab+Axitinib,0.7610842393243734,1.1115468867196694,0.15945541039195782,Avelumab+Axitinib
X066163adb7ac97187777f99246ade71a,Avelumab+Axitinib,0.8115701962930164,1.2191827735306129,0.18664803019274964,Avelumab+Axitinib
X4ad56c7ed6c731462c83bd188e409ca3,Avelumab+Axitinib,2.0750839322208545,2.061731127182587,0.2028652896181697,Avelumab+Axitinib
X45894bc3efe4b9fb756b9b60d860524d,Avelumab+Axitinib,0.314343967004339,0.4760676160537202,0.11096060070532465,Avelumab+Axitinib
Xb3e8f4122cb2e99b707d84ab8a095010,Avelumab+Axitinib,0.42843221425008926,0.6587006124710219,0.10863442649391934,Avelumab+Axitinib
Xe12b6ec846380a39d2773f311283b963,Sunitinib,0.33694899648723553,0.671030450446893,0.06826123694329861,Avelumab+Axitinib
X81ae53f960bcd1f54d83486363c634b3,Sunitinib,2.269418758201101,2.2081537233795734,0.23592351322006822,Avelumab+Axitinib
X60a9f6d7ccb1fb6365502c254302acbc,Sunitinib,0.4049834737557943,1.0158306922519666,0.1645042779784246,Avelumab+Axitinib
X3db1a6d0d06440f66429056e3727fab5,Avelumab+Axitinib,1.1052815283040496,0.9068864650948762,0.16055552894524808,Avelumab+Axitinib
X10ec23fa07eea3d69a7769af58732d4f,Avelumab+Axitinib,1.7200217499702022,1.63513276293282,0.18380386367046309,Avelumab+Axitinib
X05e7559b15212b2748bc0a5133f85a3b,Sunitinib,1.1534684331973646,0.9995744978642044,0.08332994759339676,Avelumab+Axitinib
X927e37ac4383ed6389d1d0db6ab904b7,Sunitinib,1.3506438390415558,1.0952835056986123,0.1511518312700537,Avelumab+Axitinib
Xac23ea23d161c0a4894912f42b8e0b9b,Sunitinib,0.38405367254390294,0.7521773302996457,0.05469359269362327,Avelumab+Axitinib
X503d4b91a21946b28d89bbc0a6ff1c0c,Avelumab+Axitinib,0.4370707182546437,0.4363988064566659,0.11399119415429972,Avelumab+Axitinib
X7d84f93927db305825400d52fe2467ac,Avelumab+Axitinib,0.3347531938274333,0.614434233633986,0.08652049784841066,Avelumab+Axitinib
X374e432074fbccc257907b977e27c34d,Sunitinib,2.2618145336733377,1.747222996438653,0.17795370526140666,Avelumab+Axitinib
X83f4c7f066c22ff82ffdda3a819f401c,Sunitinib,1.0365041274075617,0.8812290634001309,0.06736317316025035,Avelumab+Axitinib
X1cb1841daad70ef7c6839b5f9d545558,Avelumab+Axitinib,1.3279392604686266,1.0576917085820852,0.1779459873603835,Avelumab+Axitinib
X3591e786d7e1feb1237e5b3025071c62,Avelumab+Axitinib,2.1502248545176625,1.9784371074112128,0.15282455962758326,Avelumab+Axitinib
Xe8fd7e061dc695303531468579ce9cbb,Avelumab+Axitinib,0.910310122054298,0.7912743864213104,0.05511205954079466,Avelumab+Axitinib
Xd184c87875774aa04ad76b5cd0528c63,Sunitinib,0.5112497717394455,0.8795740180006996,0.11774630095908167,Avelumab+Axitinib
X6f15579e208a9524c4a36704207b706e,Sunitinib,0.32009781176541163,0.7277083110252847,0.09940069058354527,Avelumab+Axitinib
X6beb5548a8060d418335891d98ea8781,Avelumab+Axitinib,0.5111596155350663,0.38475948837231067,0.06604837946178828,Avelumab+Axitinib
X3dbc4bc73dfba4629ad5fef29a99f7e7,Avelumab+Axitinib,2.1998252631650126,2.288341846137393,0.24881824924869725,Avelumab+Axitinib
X91a68b73b9ef311d3a6f598a10b8d369,Avelumab+Axitinib,1.153017896457213,1.4004579170990041,0.15988421098272698,Avelumab+Axitinib
Xcad1fd440c471f7904a591829cb6d14b,Avelumab+Axitinib,0.9411184885102668,0.5627098680259188,0.06572418511236257,Avelumab+Axitinib
X80f9a88517555f71e441163428db8371,Avelumab+Axitinib,2.5015729828749222,2.5824555965789324,0.25961902692987315,Avelumab+Axitinib
Xfd354971867b62382812e27e3df227ba,Sunitinib,1.6287439755936068,1.408147293511803,0.16836788648049175,Avelumab+Axitinib
Xd75c42896884149be997c920b5592e16,Sunitinib,0.6900637366483211,0.607294444130966,0.04317829682885802,Avelumab+Axitinib
Xff9a5e547f4e630f903268749c2c4e62,Sunitinib,1.6036375929316582,1.9254847075713648,0.2340504940285713,Avelumab+Axitinib
X5b4f66ac7b0e9731f0e2d09b9ce2bc83,Sunitinib,0.5077876205276121,0.3446142855995114,0.051761028345288305,Avelumab+Axitinib
Xe9433456121a8710f455344dc9c484c7,Avelumab+Axitinib,1.2576734071591107,0.9450619073704093,0.1686879923633793,Avelumab+Axitinib
X76d17bde5ef4f59248f2dfadb6ba27ee,Avelumab+Axitinib,1.3598529098844216,1.513078402343641,0.12615462439989,Avelumab+Axitinib
X2bf0d2c891632c9eecb7cb7ca0bbdc35,Sunitinib,0.44520980276551514,0.7038922410337279,0.09941284192507774,Avelumab+Axitinib
X56517cd1ff5c36c94c351f69437a110d,Avelumab+Axitinib,2.44965929750809,2.4617286191199854,0.25302547472902026,Avelumab+Axitinib
X455848b4836fafe39ae8cc9642cb5596,Avelumab+Axitinib,1.5754653130245608,1.4460882840034144,0.12243580600574082,Avelumab+Axitinib
X1fc17d39813bb21078851cf009f5bdc5,Avelumab+Axitinib,0.7835620295836466,0.6724833348964645,0.07594591325845122,Avelumab+Axitinib
X7533d8277a20dfb0c88915db24868ee9,Avelumab+Axitinib,1.2194944295766266,1.6951787355427295,0.21691894251871377,Avelumab+Axitinib
Xff34dbd0f069670a20827e31b8026144,Avelumab+Axitinib,1.2321013902832096,1.1071097656434794,0.06500812304559601,Avelumab+Axitinib
X3b785dfe51f758e18bca243f56b5117e,Avelumab+Axitinib,0.6238589901820952,0.9427939312510315,0.10243724638090139,Avelumab+Axitinib
Xb75f823803af55f1de150e4f4de3312c,Avelumab+Axitinib,1.259423562102197,1.4181538246854513,0.1439023713452497,Avelumab+Axitinib
Xb28579e19904ad37116121b7a3d6d5e6,Sunitinib,0.6405853081496133,0.7254107541588043,0.17928075694013862,Avelumab+Axitinib
X1ed22c1e4b51a9aa893333101336d863,Sunitinib,0.9360508339545,1.5449277366544814,0.18204063756021008,Avelumab+Axitinib
X211c2e0bb90037d7c0285da1025e5b59,Avelumab+Axitinib,0.31797494162147083,0.6520033727042183,0.09796126398208306,Avelumab+Axitinib
Xc52dd1f0ac3ca0c519e06ffef31d20a2,Sunitinib,1.010486091339892,0.7924132575746974,0.1202859797238889,Avelumab+Axitinib
Xf356612bfb14f579d0109dd28a074fac,Avelumab+Axitinib,0.3516959082766632,0.799733811356637,0.08845781699534008,Avelumab+Axitinib
X494323795b1fb3c6376fd2e364ffcb24,Sunitinib,0.4204928368926223,0.4733172035542783,0.035355538595971625,Avelumab+Axitinib
X070737943aa2690378c5d73bdea647d7,Avelumab+Axitinib,0.090419934180798,0.46931750897097413,0.09351485884505004,Avelumab+Axitinib
Xfbff2fd623efaaa23c9da75cb2084925,Avelumab+Axitinib,1.0760239432044163,0.9222065505155516,0.1308038762870233,Avelumab+Axitinib
Xedce4709eebc28be5631985036add223,Sunitinib,1.3442605392875535,1.4750074905182862,0.18436324213364766,Avelumab+Axitinib
X1ca582a355616189ed5be11c257b9a31,Sunitinib,0.27022239596997794,0.15677633130315452,0.010719591433703728,Avelumab+Axitinib
X20ea35d787f94b54b3432014f9897c2b,Sunitinib,0.8593295654887051,1.1265106399262543,0.16291686323057075,Avelumab+Axitinib
X90d98471d59b5c0b179e8e38e9c566fc,Avelumab+Axitinib,0.3729559395145917,0.6501827188481232,0.10563080643246744,Avelumab+Axitinib
X47001a91d71acb95bb7a3d249baa19ee,Avelumab+Axitinib,2.1284153908408863,2.217702421415012,0.2239051157644284,Avelumab+Axitinib
Xa7d2bd80340b4019986ea8d8c3638c75,Sunitinib,0.35553809913930523,0.6313093801704045,0.13763218665024649,Avelumab+Axitinib
Xbc7a029dc7ce4b19a5a2b78a7b2fc6ae,Avelumab+Axitinib,0.5046518710612893,0.79436617837042,0.08790387588472041,Avelumab+Axitinib
X13b911b56a330efd2660b67b1cf98466,Avelumab+Axitinib,0.45483979475277864,0.7280344985730884,0.11284582890597837,Avelumab+Axitinib
X9388bd484d0e404c6732573b4228d2a2,Avelumab+Axitinib,1.803044738180639,1.5325988601745602,0.11881994066416102,Avelumab+Axitinib
Xc3d410d70dd7359baa40126494fb6765,Sunitinib,0.8391677932902583,1.4547303267521954,0.10855736296775813,Avelumab+Axitinib
X50772aa64efb859960b20f8801cd6f58,Sunitinib,0.7109655296782921,0.32051468794042365,0.033695759514802234,Avelumab+Axitinib
X91bcd3067a1a7954692d836515e04869,Sunitinib,1.4961008369033473,0.9621095380196413,0.12503484063284795,Avelumab+Axitinib
Xc7439a06ffa32b313b0ec1b987b992a2,Avelumab+Axitinib,1.3124953058572784,1.1457201867072995,0.05163474467320024,Avelumab+Axitinib
X21a6043653d187f8bbead475d2f49791,Sunitinib,0.8636643004977814,0.9233382553470638,0.14466750024531264,Avelumab+Axitinib
Xa021f5de25a2ffa059870f059a65d075,Avelumab+Axitinib,0.41487585645587516,0.47449136441065826,0.08823903152622724,Avelumab+Axitinib
