feature,HR,lo,hi,p,q
path_B9991003_rc9_Cell_cycle,1.3679476664106163,1.225759895181851,1.5266291754150039,2.2033419302213442e-08,2.842311089985534e-06
path_B9991003_rc1_Lipid_metabolic_process,0.7442752328104854,0.6693889228769248,0.8275392723774603,4.798146625155136e-08,3.094804573225063e-06
path_B9991003_c9_Cell_cycle,1.3325050027157175,1.1938263606284554,1.4872929940395325,3.0619113018044453e-07,1.3166218597759115e-05
path_B9991003_rc2_Organic_acid_metabolic_process,0.7698715446341121,0.6901613910033729,0.8587878182748376,2.7340131855965935e-06,8.746350957565241e-05
path_B9991003_rc11_EMT,1.2898855316632833,1.1585385571223412,1.436123704787992,3.390058510684202e-06,8.746350957565241e-05
path_B9991003_c2_Organic_acid_metabolic_process,0.7841144866826031,0.7043639095825669,0.8728947066437537,8.829884382876757e-06,0.0001898425142318503
expr_MKI67,1.237064508979931,1.1094296335247071,1.379383201182247,0.0001286388801084044,0.002370630790569167
expr_KDR,0.8123337430055202,0.7288663504160333,0.9053595486315136,0.000171775683778517,0.002769882900928587
path_B9991003_rc3_Angiogenesis,0.8291937660917461,0.7458725772655973,0.921822738471024,0.0005271918643980725,0.00755641672303904
path_B9991003_rc13_Cytoskeleton_organization,0.8352860568188184,0.7499789993315741,0.9302964447508058,0.0010585754875732274,0.01351396873239112
tcga_m3,1.4276570491128093,1.1514845557312057,1.770066858245625,0.0011707428019587694,0.01351396873239112
imm_NK_cells_activated,0.8204878226659962,0.7275450669607478,0.925303871491314,0.0012571133704549879,0.01351396873239112
expr_TGFB1,1.1750780998692523,1.0555434205981495,1.3081494459127636,0.003203015581688372,0.03178377000290769
path_B9991003_c13_Cytoskeleton_organization,0.8615031316629407,0.774752733154483,0.9579671217720822,0.005905915241146614,0.05432513224578395
path_B9991003_c11_EMT,1.1555991051990775,1.0416694461312825,1.2819894995447583,0.006316875842533017,0.05432513224578395
expr_FLT1,0.8641533659667113,0.7760875062598047,0.9622124230687069,0.007759298179180564,0.0625593415696433
path_MCDERMOTT_ANGIO,0.8687299977420403,0.7807299195554268,0.9666490166108038,0.009810643880310183,0.0725233549995321
imm_T_cells_CD4_memory_activated,1.1914742124481792,1.042425842592032,1.3618338503572511,0.010189234970324335,0.0725233549995321
expr_IL6,1.1453234122671108,1.0320105070734231,1.2710778714909456,0.010687374922575887,0.0725233549995321
mut_PTEN,1.5710500238641718,1.1079112569176466,2.227794114440595,0.011243931007679394,0.0725233549995321
expr_CD163,1.1337613277160927,1.0230861866688021,1.2564090542654132,0.016599147413854588,0.0976224996437071
path_MCDERMOTT_MYELOID_INFLAMMATION,1.1385561337980832,1.0234028899136771,1.2666664151384026,0.017070537166324076,0.0976224996437071
path_B9991003_c17_Glucocorticoid_metabolic_process,0.8800524312340379,0.7920865232997818,0.9777874751541732,0.017405561951978787,0.0976224996437071
imm_Mast_cells_resting,0.8750598249198622,0.7805023708778643,0.9810728650670608,0.022168260611193407,0.11506266320765164
mut_KDM5C,0.689996909053633,0.5019173617767009,0.9485540265398884,0.022298965737916985,0.11506266320765164
MATH,1.1203802507398632,1.010905336749871,1.2417106336421553,0.030256708452921933,0.14675148783216838
path_B9991003_c12_TNFa_signaling_via_NFkB,1.119197659472942,1.0103997101555635,1.2397107683026332,0.030908498338465394,0.14675148783216838
imm_Dendritic_cells_resting,0.8444706257986505,0.7236711630324576,0.9854346480360991,0.03185303611861019,0.14675148783216838
path_LM22.NK_cells_resting,0.8983448642241962,0.8110099303602046,0.9950846036121354,0.03993753062208539,0.17327291889130536
expr_EPAS1,0.8933339514325389,0.8020384196510302,0.99502159650819,0.04029602764914078,0.17327291889130536
tcga_m1,0.7729423874666311,0.6024514590539327,0.9916814464700826,0.04279923535691356,0.17810004390457576
path_B9991003_c3_Angiogenesis,0.8988669606384592,0.8091595888759127,0.998519728413334,0.04685825300854692,0.1810999777333899
path_B9991003_c1_Lipid_metabolic_process,0.9047546474702396,0.8191847151614744,0.9992629952301323,0.048323978618235404,0.1810999777333899
ihc_he_tumor_cell_content_in_tumor_area,0.8988006914568292,0.808266124547363,0.9994761111826554,0.048879892095055465,0.1810999777333899
path_LM22.Mast_cells_resting,0.9028974950514597,0.8155392188719277,0.9996133450183262,0.049135652873400354,0.1810999777333899
path_B9991003_c14_Oxygen_transport,0.9010309423274493,0.8115107327006524,1.0004263977257422,0.05094067680704493,0.18253742522524433
path_LM22.T_cells_CD4_naive,0.9042991503878658,0.8161928237931767,1.0019163726431335,0.05443505910911361,0.18978709797501772
path_B9991003_Javelin_Renal_101_genes26,0.9090029454227909,0.819858802483955,1.0078398283751795,0.0700364826780879,0.23775542803877206
imm_B_cells_naive,1.1064679113019578,0.9887319794561148,1.238223567335577,0.07797679137440164,0.24979448044864172
mut_KMT2C,0.749831626514397,0.5436824496169537,1.034146804844174,0.07921499810437713,0.24979448044864172
path_DUX4_TF_signature,1.1862405991972804,0.9801687362523037,1.4356372603397405,0.07939204417359931,0.24979448044864172
mut_KMT2D,0.7486938920471446,0.5369598348443934,1.0439189444237336,0.08790925716203186,0.2700070041405264
expr_CXCL9,0.914772263366888,0.8211876898719739,1.0190219655580084,0.1057150795533581,0.307719864041415
expr_CA9,1.0902141969713517,0.9814473618528824,1.2110348873259835,0.1072368682341985,0.307719864041415
path_LM22.Eosinophils,0.9200664936626174,0.8313436494035441,1.018258037296573,0.10734413861909825,0.307719864041415
path_LM22.T_cells_CD4_memory_resting,0.9214702309222143,0.8323166768308814,1.0201734629526944,0.11519466072516873,0.3230458963814514
path_LM22.NK_cells_activated,0.9211277527463461,0.8309773015358689,1.0210583794663486,0.11795965156454016,0.3231432000079912
path_LM22.T_cells_gamma_delta,0.9211736859076002,0.8305409159421604,1.021696756078527,0.1202393302355316,0.3231432000079912
path_LM22.T_cells_CD8,0.9227307171048973,0.8325343394605442,1.0226989277590868,0.12545052430842932,0.3302677068528037
path_LM22.B_cells_naive,0.9252691859913259,0.8348992725297014,1.0254207839360578,0.13854489865480363,0.3535319642466682
expr_FOXP3,0.9217595167875847,0.8270123458727424,1.0273614547940753,0.14097116896961606,0.3535319642466682
expr_PRF1,0.9254245552895163,0.8343657067929643,1.026421149096082,0.1425090088436182,0.3535319642466682
path_B9991003_c8_Immune_response,0.9305068420431265,0.8396969314815541,1.0311374861896732,0.16921743228747987,0.41186884462424345
ihc_cd8_positive_cells_tumor_center,0.9300926429420528,0.8371832932078309,1.0333129333484903,0.17712225462459583,0.42312538604764555
path_LM22.Plasma_cells,0.933144708467493,0.8421098156811403,1.0340207782004882,0.18643893352416663,0.4338301297467373
pdl1_pos,1.1643404940102904,0.9280009950676681,1.46086997018066,0.18869612878322697,0.4338301297467373
path_LM22.B_cells_memory,0.9336710490189634,0.8422647932159332,1.0349971111195209,0.19169238291134905,0.4338301297467373
path_B9991003_c16_Neutrophils,1.0663470712088738,0.9637826126331801,1.1798263024989089,0.21312803744360603,0.4680810969190484
path_LM22.T_cells_regulatory_Tregs,0.9367357679203103,0.844971053908457,1.0384662230054542,0.2140836024668516,0.4680810969190484
imm_Macrophages_M0,1.0654934187768517,0.9607032761865252,1.181713702448501,0.22975328307601642,0.4743407303596115
mut_ARID1A,1.2445395461031257,0.8698922793953934,1.780540784763719,0.23123541489243962,0.4743407303596115
expr_PDGFRB,1.0666759260799208,0.959309996874957,1.1860582449728865,0.23306524044849364,0.4743407303596115
imm_NK_cells_resting,1.0683395944079297,0.9581142057039327,1.1912457640069567,0.2341153115116379,0.4743407303596115
path_Tcell_inflammed_GEP_MERCK,0.939288663864288,0.8469839180309173,1.041652828680691,0.2353318352171716,0.4743407303596115
path_B9991003_rc5_Cell_cell_signaling,0.9408864443346088,0.8461995386550296,1.0461684989094753,0.2601878752942891,0.5163728601994353
expr_CD8A,0.9428544875521652,0.8484992927151017,1.0477022106319476,0.2740529277577075,0.535648904253701
ihc_cd8_positive_cells_total_area,0.9452563023396777,0.8510483382113778,1.049892746387052,0.2932462729877092,0.5646084957524551
path_MCDERMOTT_TEFF,0.9456338005405001,0.8509402884458184,1.050864904231888,0.299098777566801,0.5674079750899607
expr_TIGIT,0.9428872437485507,0.8427201266156812,1.054960391172881,0.3047623994538142,0.5697731815875657
path_LM22.T_cells_follicular_helper,0.9516746112558389,0.8591901698816493,1.0541142083058366,0.34231172730012926,0.6226360664988262
path_B9991003_c4_Cell_development,0.9511621541450187,0.8576380478773288,1.0548849199460848,0.34304813558179154,0.6226360664988262
imm_T_cells_CD4_memory_resting,0.9511003556495532,0.8566403152104525,1.0559763187125668,0.3475178045574844,0.6226360664988262
imm_Dendritic_cells_activated,0.9225777506414718,0.7772994401887099,1.0950087726449909,0.35665038711610975,0.6302452046298378
tcga_m2,0.886653295573766,0.6816306097011995,1.1533432556622416,0.3699107596864377,0.6411615608882949
expr_IFNG,0.9502022682396211,0.846342361490775,1.0668074666348388,0.38708047742862994,0.6411615608882949
mut_TP53,1.1684044301380399,0.817194467348352,1.6705557451899102,0.39352783435828076,0.6411615608882949
TMB,0.9564289054446451,0.8631226407657993,1.0598218699933895,0.39499009044772904,0.6411615608882949
log_TMB,0.9564289054446451,0.8631226407657993,1.0598218699933895,0.39499009044772904,0.6411615608882949
path_B9991003_c15_Skin_development,0.9560386715947058,0.8617820707465839,1.060604499224194,0.3959285822301243,0.6411615608882949
path_LM22.Neutrophils,0.9564695251325874,0.8627496694998157,1.060370099055196,0.3976195726439038,0.6411615608882949
path_LM22.Monocytes,0.9573028426872664,0.8642269956798977,1.0604028075935719,0.40307634684258176,0.6419364042307784
tcga_Other,0.6918609107917999,0.28866520378746846,1.658223830240668,0.4088224987058503,0.6431475894274962
imm_Mast_cells_activated,1.0507467675918971,0.9242480994044217,1.1945588747396654,0.4494442097033503,0.6914298588386354
path_B9991003_c22_Morphogenesis_Homeobox_gene_c,1.0401162254992258,0.9391592090380675,1.1519258418972766,0.4502333964530649,0.6914298588386354
path_LM22.Dendritic_cells_resting,0.9624489122927018,0.8693752283615137,1.0654868905330905,0.4607708831779408,0.699287575646522
path_LM22.Mast_cells_activated,0.9639810381935819,0.8685383796018272,1.0699117780181295,0.49043943436706516,0.7285536097516718
expr_PDCD1,0.964953851012624,0.8700128008511121,1.0702554418431383,0.499612091188379,0.7285536097516718
mut_MTOR,1.114425861634476,0.8133805184480769,1.5268929767943848,0.500106211688559,0.7285536097516718
expr_CXCL10,0.9644450520871976,0.8675748915186998,1.0721313716989105,0.5026455137046418,0.7285536097516718
ihc_pd-l1_total_immune_cells_per_tumor_area,1.0364217508743885,0.9295667693087389,1.1555598598735695,0.5193257338865034,0.7443668852373215
imm_T_cells_regulatory_(Tregs),1.0366484029588043,0.9254328397337896,1.161229497395155,0.5341968096112187,0.7572680048334859
imm_B_cells_memory,0.9624137727334792,0.8478300183958544,1.0924834575916424,0.5536217521192011,0.7688072380368706
path_B9991003_c10_Myogenesis,0.9695829832184429,0.8734938738862826,1.076242420755847,0.5618495063730076,0.7688072380368706
path_B9991003_c6_Negative_regulation_of_EMT,0.9706533586152539,0.8775442372290286,1.0736415358000673,0.5626448006773606,0.7688072380368706
imm_T_cells_CD8,0.9683055484854987,0.8661326110664878,1.082531269747823,0.5713251773011843,0.7688072380368706
mut_VHL,1.06114433006682,0.8611029299736801,1.3076570175732392,0.5776305490026683,0.7688072380368706
imm_Eosinophils,1.04170786041738,0.9006108597541653,1.2049102614103102,0.5821394016262265,0.7688072380368706
imm_Monocytes,0.9705550257309338,0.8714031787507468,1.0809887787212369,0.5867317995918816,0.7688072380368706
path_LM22.Macrophages_M2,0.9717927469052055,0.8757340017104963,1.0783881191012177,0.5900148570980634,0.7688072380368706
mut_PBRM1,1.0631107631809573,0.8468732598372058,1.3345615553010335,0.5978676305267123,0.7697911402422347
expr_GZMB,0.9726624729733103,0.8749330887813261,1.0813081576881698,0.6079172872060924,0.7697911402422347
expr_CD68,0.9726981763691254,0.8748929430639765,1.081437163041142,0.6086720643775809,0.7697911402422347
path_B9991003_c7_Transmembrane_transport,0.9757436855299775,0.8757273809847219,1.087182792869912,0.6562995695815232,0.8219674220972476
imm_T_cells_CD4_naive,0.9361283922943582,0.6937703568717646,1.2631504909074696,0.6659098352514414,0.8259843148791918
path_B9991003_c18_B_cell_activation,0.9778626912777317,0.8814322149955859,1.0848428577093896,0.6725803584502336,0.8263130118102869
expr_HAVCR2,1.019992790521236,0.9171561705149449,1.1343600208579148,0.7150488172357892,0.8702009190888378
path_B9991003_c5_Cell_cell_signaling,1.0166464728895177,0.9181923612126126,1.125657427027285,0.7507297822071635,0.9050854383619074
imm_Plasma_cells,0.98345892350367,0.8792228414173677,1.1000526927392131,0.7704497888525002,0.9175620968884899
path_LM22.Macrophages_M0,1.0151625181227673,0.9155031070934441,1.1256706069225502,0.7753044074484139,0.9175620968884899
path_LM22.Dendritic_cells_activated,0.985778583160084,0.8877650624355337,1.094613266657662,0.7886451969954684,0.9248657310219585
imm_Macrophages_M2,1.0142574727123235,0.9108520956287218,1.129402046599794,0.796380618313038,0.9255234212827198
tcga_m4,0.9688350061562653,0.7512035324280382,1.2495165805729596,0.8073026266223684,0.9288925831266708
expr_LAG3,1.0125985409180653,0.9124720559811822,1.1237120066836772,0.813681099948169,0.9288925831266708
path_B9991003_c20_Interferon_gamma_response,1.0110691705296297,0.9082727649151588,1.1254998576236757,0.8405163903224457,0.9457029772211479
path_LM22.Macrophages_M1,0.989523212797479,0.8915420709500899,1.0982725555750692,0.8430685455847443,0.9457029772211479
path_LM22.T_cells_CD4_memory_activated,0.9914248325885632,0.893158561388508,1.1005024652567892,0.8715314674529633,0.9592733773963206
expr_VEGFA,1.008886588801363,0.9062865441434123,1.123101910362451,0.8715523460564941,0.9592733773963206
mut_BAP1,0.9811692891222292,0.7364081400417131,1.3072820920503267,0.8966916783622136,0.9592733773963206
imm_Macrophages_M1,0.9934700999152047,0.8925070251928662,1.1058544208234609,0.9046310704704266,0.9592733773963206
path_B9991003_c19_Plasma_cells,0.9938734039696853,0.8980548727702952,1.0999153538037147,0.9054255503201841,0.9592733773963206
mut_SETD2,1.0144421225400744,0.7986289903186207,1.2885743348398169,0.9064709071670711,0.9592733773963206
path_B9991003_c21_Chromosome_Y_linked,1.0089772112218378,0.868176997659095,1.1726122847184055,0.9072197832740396,0.9592733773963206
imm_T_cells_gamma_delta,1.0111003770269922,0.7967405938282287,1.2831327791546305,0.9276449078169566,0.9670014153574441
expr_CTLA4,0.9953731418954754,0.8976637244035288,1.1037180902739567,0.9298984488296483,0.9670014153574441
path_B9991003_c23_Cell_adhesion_at_cell_membrane,1.0041423639457048,0.9039709562887341,1.1154140296830621,0.9385475301451622,0.9670014153574441
mut_PIK3CA,0.9781265765178032,0.5247002993834835,1.8233867996922926,0.9445130103491314,0.9670014153574441
imm_T_cells_follicular_helper,0.9971758408593178,0.8952604761747797,1.1106931268116889,0.9589955276650537,0.9740978194393065
expr_CD274,0.9989699373519796,0.8977940353397658,1.1115477453081455,0.9849081156741407,0.9892486931358999
imm_Neutrophils,1.0008901936138113,0.8793860592382,1.139182466162952,0.9892486931358999,0.9892486931358999
